node,x_body,y_body,theta_body,theta_ullA,theta_urlA,theta_lllA,theta_lrlA,theta_ullB,theta_urlB,theta_lllB,theta_lrlB,dx_body,dy_body,dtheta_body,dtheta_ullA,dtheta_urlA,dtheta_lllA,dtheta_lrlA,dtheta_ullB,dtheta_urlB,dtheta_lllB,dtheta_lrlB,ddx_body,ddy_body,ddtheta_body,ddtheta_ullA,ddtheta_urlA,ddtheta_lllA,ddtheta_lrlA,ddtheta_ullB,ddtheta_urlB,ddtheta_lllB,ddtheta_lrlB,Tau_leftA,Tau_rightA,Tau_leftB,Tau_rightB
0,0.0,0.4466226786496798,0.0,0.1530728064615612,1.1219971283212027,4.277187718634085,2.5709531009996716,2.164658028578287,2.8650945866362614,3.4331109407705256,2.1408861322740043,8.155222431258778,0.0,2.3046997151987436,-23.696655747613203,-15.10910707456234,18.028702332694657,1.9711490155507567,18.407736650205873,-7.336660571481563,-15.84729126932315,22.570512912850774,-0.25648515193014404,-15.971749969562051,16.893862938102913,53.365124063757,-156.8929657627393,-402.54908046036286,272.04220190356244,132.20408740416352,-214.88687869321384,-321.30395787121915,300.07953733228817,2.909503052259171e-06,1.5681365781249564e-06,-2.7870598435249577e-06,5.885934319603744e-07
1,0.029651411146092623,0.4465274014448097,0.006111890970245795,0.09473986910304676,1.0764986584711915,4.2941868788062125,2.5769696384734386,2.22597726366816,2.879911631292635,3.36450677829309,2.149222980602595,8.236516114254963,-0.026465932072089113,1.6977501750918402,-16.20361932111765,-12.638483822816116,4.721996399991772,1.6712630508728599,17.033147779817593,4.115852243138184,-19.056741919172538,2.3157948625857063,22.581614301127622,-7.351659417371943,-168.5973609484998,2081.4022970931305,686.285321295487,-3696.313045687956,-83.30178851652677,-381.83084527228436,3181.258587713367,-891.51547847577,-5626.319462123921,19.054184762002496,4.5832428896677175,-14.297103316144264,-2.0114116524184764
2,0.05942992046120255,0.44648309244267237,0.008385805994094357,0.052918936966848615,1.0314719353826698,4.30019913900635,2.595423065340686,2.2681715574882637,2.9035904155636656,3.3283118543717607,2.1462388103130268,8.271826831912444,-0.012308083957319284,0.631644489276542,-11.616951839972122,-12.507451338665202,1.6700760510767318,5.125963488836573,11.720663653154563,6.577454935959165,-10.05416824943495,-0.8289380643954789,9.80855484344279,3.9327444728225736,-296.1411373640094,1274.0771788851312,36.39799449939884,-847.7575678445885,959.6411786962016,-1475.6933692695816,683.780070671726,2500.7205582254637,-873.5388977782851,17.317165311580577,4.839333103381569,-12.491038548013435,-3.754090265358001
3,0.08929401503623094,0.4464989348292167,0.007362239975366503,0.02528315566836845,0.9876581533079444,4.297754476854729,2.624030058501601,2.296159655590178,2.932118783343492,3.31612604154251,2.137487325255526,8.295609967973549,0.004400677857590686,-0.28432485861928053,-7.676631958033874,-12.170536307423513,-0.679075123551916,7.946413946126248,7.774498068761264,7.924573488400091,-3.3849594910779444,-2.430976318239947,6.606449094999513,4.641338471388468,-254.43679310862186,1094.5370135863295,93.58782616050668,-652.544206607933,783.4611181291955,-1096.160825332375,374.2008673189588,1852.5642729709398,-445.01213570291105,15.61563788885937,4.812620661052772,-9.544759434175733,-5.549540419606648
4,0.11920097899755011,0.4465647544014346,0.0035586288982494252,0.009370773829306506,0.9459082685498429,4.289350779076344,2.6602326320749468,2.3167113448075596,2.9623826975404297,3.3161269076315665,2.1266035388432933,8.307536183626166,0.01828331617005615,-1.056564507599642,-4.4201306447106194,-11.597254697559501,-2.334373474368635,10.056326355625538,5.708834304574005,8.406689578199856,0.00024058163121806864,-3.023290814521539,3.312856102544936,3.856309863286926,-214.51220640893644,904.588728145368,159.24577712109112,-459.80765422703405,586.09003939242,-573.7986806813989,133.92188073320037,940.3385823187659,-164.53271941310717,13.889053336302819,4.847020681450741,-6.185234445082843,-7.36710680446186
5,0.14913518871661574,0.44667206719995767,-0.0019480498971698617,0.0020495977331610317,0.9064299808503261,4.277425215964693,2.701569572890625,2.3306491397053875,2.9922395329358666,3.3251515129403515,2.1148532329429024,8.31512424074367,0.029809347255705134,-1.529645137369917,-2.033676165134869,-10.96627805157073,-3.3126827080070296,11.482574680957992,3.8716404176063954,8.29363120250907,2.5068547013762976,-3.263999762995731,2.1078103704777247,3.2017007089651823,-131.4123288821497,662.909282683112,175.27268144522532,-271.75472143461326,396.1832343193095,-510.335685085435,-31.40535357867799,696.2872253817178,-66.86412740493576,12.170454376674142,4.891317076662578,-5.541220293392759,-8.351793509089001
6,0.17909054977332745,0.4468140767753258,-0.007892998648054447,3.5325743110774103e-07,0.8694112104033959,4.264302355341789,2.7452736934757223,2.336750726656683,3.0198706791235947,3.343013699115014,2.1026861943746686,8.321018065242843,0.0394475045665145,-1.651391410686065,-0.569240353016117,-10.283096139579575,-3.645276052728014,12.140156689337118,1.6949024634441554,7.675396272345542,4.961768731904211,-3.3797672321527474,1.6371900855456742,2.677293087773617,-33.818752433721016,406.79185355031655,189.7746790887651,-92.38797771668898,182.66352259090584,-604.6555675157018,-171.73366773031245,681.9274839641437,-32.157956647534604,10.4668922100277,4.996419393552482,-5.899297128141883,-9.026154242617078
7,0.20906164380760986,0.44698454463104065,-0.013018296913872837,1.295526178307136e-05,0.8353285494235297,4.252090874527865,2.7880718151868216,2.3340787861808217,3.043490727588932,3.369005361732201,2.0904043479121737,8.325407349883623,0.04735277054829595,-1.4237116537615184,0.0035006002628764745,-9.4675234711419,-3.392120154336548,11.888514868600975,-0.7422149104981415,6.5612061032204485,7.219995998187732,-3.4116664107101538,1.2192608840796004,2.1959345038331364,63.24516280757519,159.096686178825,226.55077857379894,70.32195670681533,-69.90137435418302,-676.9854605353935,-309.5011150607876,627.2931464870553,-8.860993039269847,8.78225013781764,5.184078250065081,-6.247973192862514,-9.707300319402805
8,0.239042530543784,0.4471827087369106,-0.01744520032958011,0.001742575438838966,0.8054729538338089,4.24134790251079,2.827934706567064,2.3238210827952477,3.063277979442636,3.401294400933443,2.077763096708158,8.32813296040571,0.055046304540197794,-1.2297114682869144,0.48045632980367703,-8.293329409209678,-2.98419790366536,11.073170134100938,-2.8493992994673296,5.496530700002587,8.96929480432072,-3.511504570874093,0.757123931189338,2.137120712398776,53.88964486585578,132.4894345786779,326.16928095363903,113.31321755065355,-226.48760916367482,-585.3366485739273,-295.74703362504374,485.9226871157442,-27.73318480151354,8.678530191797837,5.421097384178511,-6.057217898698313,-9.60723763836974
9,0.2590318420843512,0.44730062475066684,-0.02022877588295189,0.003293002111291348,0.7868747050048385,4.2348889306873625,2.853650459576265,2.3150762847480073,3.075499487095887,3.424150401686311,2.0689927726829187,8.328759860765024,0.04913096483195673,-1.1598064441228766,0.646001810036047,-7.749158744806546,-2.6911995020736983,10.714742777294594,-3.643613379007122,5.092221519177911,9.523196497376633,-3.654249050002231,0.26120472127102157,-2.4646893828635372,29.126673929797885,68.97629005842722,226.73451148573344,122.0809091645031,-149.34258122448904,-330.9177673828858,-168.45973258045433,230.78904836574256,-59.47600975128487,5.808545394583913,3.6177367342842843,-3.9521446802368363,-6.317796883792036
10,0.27902156153603913,0.44740538317143247,-0.022872435284533,0.005263587904611641,0.769933208718118,4.229080578373478,2.877926088045426,2.304623780349956,3.0867219705521936,3.4480568434418517,2.0599549963744805,8.328931000270961,0.043648719551207305,-1.1015090430459962,0.8210657054165417,-7.058856126243758,-2.420112286444803,10.114700958986186,-4.355148061072464,4.675968093757725,9.96087535521096,-3.7656864295065713,0.07130711062855916,-2.2842362935747644,24.290237401178597,72.94224957917918,287.6219895537518,112.95139581551189,-250.01385907623887,-296.4685565270178,-173.43645403979937,182.36359024396933,-46.43157934186454,5.763160937582227,3.757117101774004,-3.8701393214655293,-6.269863192753993
11,0.2990106122027103,0.447497645183564,-0.025404972183463416,0.00763696458643819,0.7549684108528923,4.223952642883258,2.900254207008191,2.292676392814098,3.096946928849381,3.4726983608362834,2.0506707728553186,8.3286533920843,0.03844196170760636,-1.0552087933332597,0.98889297352911,-6.235244313522128,-2.1366095882792213,9.303251406939642,-4.978007779678194,4.260339073920199,10.267153796124504,-3.8683717898951255,-0.11566844289249623,-2.169451771322681,19.291498043341182,69.9270400159909,343.1667382394533,118.12445463849754,-338.09920125052196,-259.5212146221542,-173.17631055336977,127.61421331980067,-42.78496209644948,5.720509421834725,3.901523315981483,-3.790090952391973,-6.223407186031361
12,0.3189980633249517,0.44757833069595593,-0.02785540613655006,0.010418193143208609,0.7422997715256896,4.219498684704747,2.920126694223945,2.279431246373177,3.1061655345688264,3.4977871911101914,2.0411801214469385,8.327987874996037,0.0336184921618159,-1.0209998325937455,1.1588289850826845,-5.278525714178755,-1.85578988934248,8.280086918869493,-5.5187336438206085,3.8410318647626105,10.45353272116014,-3.954382645962037,-0.27729489907244786,-2.009750800493813,14.25353380541204,70.80567877754744,398.6271609314289,117.00656744585238,-426.3125597486984,-225.29928467286197,-174.7088877119029,77.65679667500918,-35.83735425104778,5.6809453668569665,4.048661952282392,-3.711894713709557,-6.178284829562737
13,0.33898309702450935,0.44764852137964084,-0.03025339955593278,0.013632865113886838,0.7322367928589955,4.215681805881837,2.9370525926465025,2.2650695254625495,3.114361488059641,3.523064717592483,2.0315387411461843,8.32698156215723,0.029245711449179996,-0.9991500284443475,1.3394280255236053,-4.192849463135933,-1.590344057516525,7.052359591002343,-5.983967153695217,3.4149331258731372,10.532156218462553,-4.017185920477104,-0.4192911846177909,-1.8219666234679313,9.103958443303029,75.24855361780651,452.358813140538,110.60089167701214,-511.5459386356998,-193.84459976714012,-177.53867197479997,32.75933492191184,-26.167667104891652,5.644430971758465,4.197063123751299,-3.6353838044502997,-6.133974241215294
14,0.35896494812765484,0.44770933680691477,-0.03262971089810632,0.017322797650231612,0.7250695806282695,4.212444681511704,2.950576371696571,2.249757543605768,3.1215140925407985,3.5483009756818773,2.0218144383003556,8.325656482196507,0.025339411933722886,-0.9901160722076344,1.5374506887027417,-2.9862972484380474,-1.3487832211719897,5.634830233234432,-6.379904461459961,2.9802107700505087,10.51496253594236,-4.05173697898653,-0.5521090367190756,-1.6276023534749964,3.7640965250826746,82.50830520199729,502.7231569064539,100.64896052799138,-590.6290876297466,-164.97160327733872,-181.13181711881813,-7.16393559276132,-14.396075857079628,5.610695145707931,4.344976611632783,-3.560256870441569,-6.089928395987624
15,0.37894282379157207,0.44776179683072487,-0.03501665380067225,0.02153989085042186,0.7210602011887055,4.209722706112755,2.9602950876546266,2.2336487406533982,3.1276012860737734,3.5732927090052056,2.0120837036840435,8.32400115837916,0.021858044684539918,-0.9945459577481374,1.7570981656862277,-1.670551947602213,-1.1341409244450273,4.049409669664123,-6.711909548912257,2.536295994236956,10.413079980721706,-4.054417375534697,-0.6897088361591278,-1.4505498733923017,-1.845760429735495,91.51853198024648,548.2197202814065,89.4330686930538,-660.5828782643317,-138.33356353959826,-184.96196343676223,-42.45048482342323,-1.1168166399267616,5.579257894994164,4.490464292750153,-3.4861105029094084,-6.045588197844674
16,0.3989158159566771,0.4478066845218885,-0.03744852377451174,0.026339124691470085,0.720435229742819,4.207458430941739,2.965873539797798,2.2168861842575067,3.13260243254642,3.5978605805159845,2.0024286623205345,8.321967616203302,0.01870295192335632,-1.0132654637729877,1.9996537463008814,-0.26040125038478346,-0.9434352395277087,2.3243236516719397,-6.984304121197613,2.0837828726517666,10.236474806661702,-4.022879541334236,-0.8472977906252444,-1.3146042199205648,-7.799688781848957,101.06345961178266,587.5548510309185,79.45962833152979,-718.7761281946412,-113.49620480744669,-188.5445862397262,-73.58449486347016,13.140586684851487,5.549492397140715,4.631505075568638,-3.412478005032516,-6.000394570185436
17,0.41888282281688244,0.44784442336232505,-0.03996195394222299,0.03177188783709132,0.7233795333728238,4.205615135878931,2.967057100898482,2.19960517506135,3.1365007409907246,3.621846073334064,1.992934477230084,8.319475140028478,0.015724306954158287,-1.0472485907813376,2.2636210949443156,1.2267768036550224,-0.7680293575362657,0.4931438759341459,-7.200324385552633,1.6242735036665052,9.993821939283363,-3.9558576499641767,-1.0385178769523984,-1.2410855039872026,-14.15944724744227,109.98492714474351,619.6492511874076,73.08480859747495,-762.9813886394788,-90.00724202813643,-191.45968139581916,-101.1040118303419,27.92541531110386,5.520713020852001,4.766113510210358,-3.3388709098523326,-5.953801309496066
18,0.4388424897693631,0.4478749811886712,-0.042596187579485315,0.037880788427224595,0.7300314545778064,4.204187486109544,2.9636817587777737,2.1819356629104223,3.1392852581408586,3.6451084657471484,1.983687194343944,8.316420194797992,0.012732262754641906,-1.0975831345733926,2.545342282351247,2.771597941740545,-0.594846367001074,-1.406374336998778,-7.362201385125772,1.160200454008965,9.692537981925016,-3.852984637689399,-1.2728773615969606,-1.2466689381053913,-20.972454975565984,117.38230792284315,643.6671383701914,72.15864489679683,-791.4556722830831,-67.44787633623555,-193.36126655930042,-125.53335650884762,42.86320001323144,5.492185259789895,4.8927537093229105,-3.2648121444120095,-5.905292709373729
19,0.45879212509645917,0.44789817830170975,-0.04541302637483674,0.044671989579544026,0.740717664427457,4.203267957999912,2.955323872713973,2.1640348559282097,3.1409733300015548,3.6675035075170968,1.9747728053868798,8.312239997032275,0.009665338120387355,-1.1736675741691662,2.8296303626928627,4.452529556181913,-0.38313173178161913,-3.482407256628142,-7.458572617345236,0.7033541319566904,9.331146102832994,-3.714280447892173,-1.741726427275108,-1.277868652471508,-31.701437725069134,118.45182698079306,700.379068025271,88.21328460265215,-865.0024718126408,-40.1541581028244,-190.35015970954922,-150.5779921656657,57.79266113313378,5.390316594981208,5.244407293163377,-3.183986451635055,-5.856892590228925
20,0.4787286716464252,0.4479131224173103,-0.0484772171865262,0.05213544568348795,0.7556973825129706,4.202998277870903,2.94168970126391,2.14605888469932,3.141591651920487,3.688900335115318,1.9662754211148628,8.306786133809965,0.0062266336821004305,-1.2767295319726872,3.109732847620306,6.241467857498043,-0.11236525596843852,-5.680830732821408,-7.489890396597284,0.2576307751968666,8.915228640776334,-3.5405306364139175,-2.2724133930241153,-1.432774842656048,-42.941922757783345,116.70784767108835,745.3812443579747,112.81789457108104,-915.9978435841793,-13.04890462250481,-185.71564489207083,-173.29668395490378,72.39481126394597,5.284397715491811,5.581265332184559,-3.10096942810612,-5.804486232419161
21,0.4986487475262273,0.44791812620720967,-0.051856043182312385,0.06024431452156936,0.7751495513491666,4.203572095728574,2.9226378019832544,2.1281636171126967,3.141177212091334,3.709179934017227,1.958275604265429,8.299923994304647,0.0020848854240761456,-1.407825910113186,3.3786515393800696,8.10496525409885,0.239087673861147,-7.938188435161694,-7.456264811587359,-0.17268102305118316,8.449723311119122,-3.333213799952571,-2.8591877197709454,-1.7257060642023412,-54.62278261690907,112.04800201172985,776.4471806582777,146.43682196607307,-940.5535134722937,14.010478751709448,-179.2942577559526,-193.95803903619392,86.3808951206646,5.173251670150772,5.897724829218245,-3.0150835035450454,-5.747307434956321
22,0.5185488843403315,0.44791129669501323,-0.05552008647033063,0.06882017893176595,0.799030648512178,4.205261992162644,2.898242367391606,2.11044981936235,3.1395743585059304,3.7281347277216965,1.9509514662833294,8.29161470456007,-0.0028455926852053583,-1.5266646399910355,3.5732298783746073,9.950326384565948,0.704114260761906,-10.164630830119908,-7.380652066486182,-0.6678468837748162,7.897726918665904,-3.0516840541297756,-3.462158560727117,-2.0543388808490652,-49.51548671906837,81.0732424539168,768.8903663094424,193.75853151044225,-927.6721398119945,31.504896423059705,-206.31639723513345,-229.99547426655445,117.302519175692,4.93750647016712,6.1089975338399265,-2.936780606403387,-5.94572540557153
23,0.5384256528102633,0.4478901147632466,-0.05944013659688011,0.07768273669522478,0.8272084196844323,4.208362905512652,2.8687381506786154,2.09301326318169,3.1366347147190528,3.7455727162333647,1.944477967898828,8.281876540866776,-0.008825687337155073,-1.6333324620248655,3.6926832117755266,11.740581593955877,1.2920300182366886,-12.293259873786782,-7.265134964195333,-1.224835262023173,7.265731760832038,-2.6972550638220314,-4.057514156016599,-2.49167291378703,-44.44433381128774,49.771559251090125,745.9297341637665,244.96163585151535,-886.9169537100734,48.13148480240698,-232.07539949607906,-263.3278080148429,147.67677878188172,4.698177104315465,6.289634620685664,-2.8560039590754123,-6.138869940510347
24,0.5582759101697006,0.4478516070009827,-0.06358592167246863,0.08666357898812323,0.8594684293621692,4.213163609182195,2.8345041606200736,2.075943333619816,3.1322160437284206,3.7613165182657218,1.9390256641205035,8.270828865106777,-0.016044684252467082,-1.7273871190090455,3.7419670850646396,13.441489165600226,2.0002661811337745,-14.263969882957365,-7.1123745949100865,-1.8410880480275824,6.559828919993266,-2.2717625597764477,-4.603136065875748,-3.007874758656134,-39.188911145912094,20.53466987369168,708.7019168417273,295.0944158221111,-821.1180809126305,63.64929425603225,-256.7685263921558,-294.1222114278786,177.28614902182582,4.458010766572375,6.436052280466103,-2.7729183999324247,-6.325698773351587
25,0.5780970247333974,0.44779256173104093,-0.06792472737864756,0.09561998434602001,0.8955287805599326,4.219916343147625,2.7960326194852234,2.059321729100671,3.1261802561885714,3.77520176892158,1.9347602746772739,8.258684604224744,-0.024601858803318402,-1.8078109468158563,3.7317844463667833,15.024940514967712,2.8136006104755484,-16.02958922668806,-6.925573680462604,-2.5148770251809904,5.785441855392375,-1.7772212562829992,-5.060039386475167,-3.5654405554073283,-33.509469227196234,-4.24270800585517,659.7623578903889,338.8847033856214,-735.6646491361802,77.8326481714655,-280.7415614409994,-322.6568570388886,206.05605382025607,4.220568215268977,6.5460247767183475,-2.6879272262727345,-6.5059747201587275
26,0.5978870408689727,0.447709743058561,-0.07242031442325858,0.10444586604963074,0.9350610472299935,4.228811054067327,2.753887988242089,2.0432218580607153,3.118391388104331,3.7870748801653495,1.9318428699773025,8.245725439413713,-0.03450730054224242,-1.8731352316691823,3.6773995933178854,16.471548821682227,3.706078034720406,-17.560018930531403,-6.708186354977131,-3.2453165912789563,4.947060919861652,-1.2155683950341545,-5.3995769494988295,-4.127210022252044,-27.218073686068625,-22.66004045837717,602.7450828653043,371.8604245081531,-637.67017953715,90.57679325179413,-304.3455887487183,-349.3205341858189,234.0187726170572,3.98980876265103,6.61909764453142,-2.6015818987213946,-6.679848259143059
27,0.6176447633241977,0.4476000617230392,-0.07703234398375562,0.11307782484347609,0.9777135368128497,4.239959133941849,2.7086637146413506,2.027709257731973,3.1087140562452453,3.7967902122168087,1.9304305037644782,8.23226821268886,-0.04569991171745827,-1.921651872218734,3.5965987553904926,17.771619931432525,4.644967748257636,-18.843181487593206,-6.463492281149974,-4.032164720793593,4.047997910902649,-0.5884776195665163,-5.607098695156719,-4.663522195107489,-20.214981695772448,-33.66654082401058,541.6886534005436,391.1985281445773,-534.6435225087861,101.95442568674865,-327.8487618953274,-374.60430202066544,261.28413682556976,3.7694418915666463,6.656639477709905,-2.514476410176645,-6.847737673979256
28,0.6373697644535044,0.4474606788110332,-0.08171636109715556,0.12149580969906028,1.0231327521573765,4.253388427887355,2.6609441887456717,2.0128430386142786,3.097012651251198,3.804206843942022,1.9306770957654884,8.218632798055975,-0.05807538182590486,-1.9516458540348647,3.5074434710602564,18.924402104995885,5.59545902946901,-19.88285111179069,-6.194169279019305,-4.875515607678507,3.0902189737965498,0.10274519600554288,-5.681341419565785,-5.156372050773916,-12.497313489736314,-37.14750326821615,480.319028554354,396.0323635380524,-433.18947444198955,112.21631086719344,-351.3911717309795,-399.06884335190335,288.00538289372554,3.562376990930305,6.6615857972257455,-2.4271455211095065,-7.010216911758334
29,0.6570623354485563,0.4472890392267266,-0.08642423374944695,0.12971927538448721,1.0709801135172952,4.2690481917856165,2.6112767087927335,1.9986780953941032,3.0831512502153777,3.8091851811666766,1.932734389512709,8.20511875932977,-0.0715154549089474,-1.9615851188530709,3.4263942772711133,19.936111053114516,6.524806870600306,-20.69448278708182,-5.901973966218212,-5.77549989273515,2.0742770541512914,0.8571932797912846,-5.630767698872884,-5.599949128437514,-4.14130020068485,-33.7700070018762,421.5392734283262,387.2226438652925,-338.1749537056776,121.74627899297035,-374.9880065063967,-423.30298595167193,314.34880325002644,3.370407505999457,6.637956477323366,-2.339991823351537,-7.167914602084023
30,0.6767234082717528,0.4470828471955032,-0.09110485718032782,0.13780044933481486,1.1209427951534214,4.286820823554144,2.5601547684392765,1.9852677114598567,3.0669940333389105,3.811583597271999,1.936752862808777,8.191993132400722,-0.08591208215987081,-1.9502310655139468,3.367106266180662,20.817477689039304,7.405154271169134,-21.300495047066867,-5.587577752247148,-6.732074637075076,0.9993253389642686,1.6743392357148552,-5.468930745953728,-5.998506420776434,4.730785945173755,-24.70297445384823,367.2306945582589,366.8060194089725,-252.50139280756716,130.99649489447359,-398.56694528974407,-447.8899573620906,340.47247163426005,3.194152791847686,6.590293737864103,-2.253252273853807,-7.321440023223344
31,0.696354470931099,0.4468400023308226,-0.09570492330633368,0.14581634918214967,1.1727390592585287,4.306536833154926,2.5080112523562867,1.9726662135326862,3.0484059221495854,3.811255207155838,1.942882517305092,8.17948764470904,-0.10118385360509306,-1.916665679053096,3.339908536804789,21.581455351735986,8.214881676605598,-21.726141521403925,-5.250545953050861,-7.7449310029672365,-0.1368271776418241,2.5539846766815257,-5.210542283938125,-6.3631433517708595,13.985369442835806,-11.33221849751384,318.3192861893356,337.3813951531875,-177.3500568088893,140.42782529083402,-422.0172017399975,-473.38983290648474,366.5134761661013,3.0331953604938575,6.523161378449731,-2.1670000349277174,-7.471341765042111
32,0.7159574905108582,0.44655851353086085,-0.10016959906294873,0.15386079421634113,1.226119313426242,4.327990191393459,2.45521880942573,1.9609314392051682,3.027253195356922,3.8080447843093683,1.951273497772016,8.167801946061973,-0.11728523551017071,-1.8602535790490857,3.3518016720802213,22.241437963083897,8.93876478862381,-21.996520298882764,-4.889415745310267,-8.813503570645288,-1.337656061933947,3.496189263508971,-4.868967852746787,-6.708808197813199,23.504688056831462,4.955398480944166,274.98861771788137,301.6134257789903,-112.65612911726164,150.46865619677348,-445.2318716653801,-500.33784122400897,392.5793384313047,2.886318567248632,6.440787237176244,-2.0811694493275326,-7.61809431113268
33,0.7355348526144305,0.4462364028767328,-0.10444301892103004,0.16203713723901186,1.2808643219989226,4.35095225521672,2.4020945497623285,1.9501268936831802,3.0034039257532714,3.8017857686921808,1.9620764864289906,8.157109579368203,-0.13421072198103356,-1.780564402732108,3.4067575417761535,22.810071729189833,9.567380415393847,-22.134770001424474,-4.5018251852248365,-9.937043842560048,-2.6078833286256864,4.501176501380355,-4.455084720935932,-7.052178281043776,33.20331616017717,22.897929188192315,236.92711592684802,261.91917602273685,-57.603162621280724,161.493599281624,-468.1346274516488,-529.2532747920732,418.7382846480421,2.751762356445761,6.3468653105093775,-1.9955916799339921,-7.762103183582531
34,0.7648387130659348,0.4457010563914284,-0.10974250558076998,0.1752766172236297,1.3667952263296081,4.388267773834624,2.3209786363050657,1.9367230643470166,2.9578615979531513,3.7819014983207775,1.986639839366391,8.140107147302489,-0.14871002264434335,-1.4721060150888297,3.677699251527233,23.870123517479136,10.365607640999665,-22.532602077674014,-3.723352667512626,-12.650873377044078,-5.523507444932914,6.823275900400397,-4.722982455116949,-4.02765571299453,85.68442134290733,75.26293512409566,294.4641083260954,221.73375945051657,-110.51089096825234,216.24624222787116,-753.8550501485217,-809.9101054373756,645.0391731148015,4.235158815360009,8.556645361687567,-2.7292376046465,-11.876727707820613
35,0.7940978081617466,0.44509896684553263,-0.113645755774392,0.18968749014521216,1.4554148685228534,4.4278098950139295,2.240109567131291,1.9266207818633345,2.9019100237557844,3.7503821250369014,2.020400476798466,8.12767520376398,-0.16725015782605354,-1.0842560136909307,4.003093538121944,24.617017924234396,10.984123629280507,-22.464041561191312,-2.806240950896515,-15.542388468486658,-8.755541749963706,9.378126521733048,-3.453380868467143,-5.15013183071366,107.73808379305486,90.38895652589314,207.47446664827675,171.8131420202867,19.044936555589278,254.75791830927702,-803.2133404355088,-897.8037424839403,709.6937200665083,4.008388030928426,8.272918116353889,-2.517545063536733,-12.175411594968631
36,0.8135941241010283,0.4446437275410205,-0.1158349516952113,0.19985501396677274,1.5149931762642654,4.45476527078734,2.187222653427884,1.9213701765058118,2.8613844944210576,3.7251678458476736,2.046089062530511,8.12334054639252,-0.18968013814364823,-0.9121509952430377,4.2364033683759725,24.823914654877882,11.2312345391475,-22.035876511153766,-2.1877187221783005,-16.885378583013313,-10.50578874100163,10.70341344008247,-1.8060795736988078,-9.34568198095256,71.70932595416856,97.21094025543059,86.20565065659338,102.96130201367953,178.39937157103287,257.71364780093205,-559.570643228952,-729.2584092696906,552.1944244727956,2.3786976185662083,5.813054336451101,-1.5622808779869588,-8.357665313744025
37,0.833084442285522,0.44413052798837765,-0.11754349769461074,0.21076027737180958,1.5750407939661961,4.481911488919336,2.1352230757515516,1.917733391322253,2.817528210548048,3.695457662318595,2.0750333428946184,8.120843838284754,-0.213829932658861,-0.7118834654370938,4.543791450163323,25.01946461840524,11.310754199248764,-21.666165014289707,-1.515304381873362,-18.273176932716403,-12.379057056050593,12.059935534323515,-1.0402794074995878,-10.062263126147247,83.44354976857203,128.07644217583692,81.47792669959448,33.1326936606711,154.04414144660814,280.16843032270424,-578.240620306262,-780.5167319342343,565.2090430867776,2.27217803845346,5.689603887617061,-1.475894557800569,-8.484933179960667
38,0.8525734717214862,0.44355434889005874,-0.11870141838152215,0.22244871596385019,1.6354371194756634,4.509055735488394,2.084211124958119,1.9158372693814762,2.770237283044774,3.660925148492964,2.1073230537238916,8.120308589074545,-0.24007106645808812,-0.4824598028490069,4.870110571882449,25.164762688389143,11.309935124420722,-21.25466450417218,-0.7900391003160832,-19.704261110175544,-14.38833419293537,13.45384679351055,-0.22301719914943013,-10.933643713611433,95.5917760795773,135.96428573221976,60.539965293959995,-0.3412761206555971,171.45600491267305,302.1893888835292,-596.2762371565586,-837.1863999737111,580.7877507484607,2.163103421606115,5.5683880491708555,-1.3883842671879967,-8.609647360994497
39,0.8818213654863624,0.4425577276784445,-0.11798462083756762,0.24143238921149324,1.726743028600032,4.549643293418081,2.009383396030557,1.9173221136405452,2.68737034053931,3.5941799235623835,2.166158597407461,8.124677272555841,-0.2768481646043529,0.19911685816450042,5.273412842123161,25.363571499417557,11.274685695688428,-20.786151422117964,0.4124700568842192,-23.01933841228818,-18.540938927244856,16.343734301935175,1.2135623739887633,-10.21619046696432,189.33296365740495,112.03202580453407,55.22645293816585,-9.791824149600139,130.14672510306465,334.041107304567,-920.8845406018695,-1153.5385617158104,802.7724508537784,3.195632335801435,7.492349127989978,-2.0822169900904894,-12.865647428004142
40,0.9111117740921609,0.4413871696200993,-0.11433691081261166,0.26146292250210734,1.8178579243717525,4.58976650177106,1.937004902702499,1.9234369606851158,2.592306969606184,3.5109388320526485,2.2351592628507944,8.13670159438166,-0.32517407823966615,1.0133121860930703,5.564363213758288,25.3111770366668,11.145989042732868,-20.106315688090554,1.698668201136226,-26.40803999182623,-23.123880964612034,19.167975158087025,3.340285206951352,-13.424651865339975,226.1786276884843,80.82428567762655,-14.554870651973724,-35.751166034869414,188.85433028351108,357.29820747376715,-941.3611778584855,-1273.114086056894,784.5573404742205,2.923523060631998,7.176226722503517,-1.8781536992005934,-13.110810229689168
41,0.9306639758062141,0.4405027509904137,-0.11094905161097379,0.27542926052305355,1.8782669970440462,4.615990377764832,1.8902835071579536,1.9299583437066083,2.525447425693038,3.448438581102121,2.283915775923067,8.146637570419264,-0.3685026444564992,1.411588395976729,5.819226688973727,25.170097374383023,10.926463246301875,-19.466977778366527,2.7172051879866155,-27.85775639745191,-26.041409555847327,20.314931638196505,4.139932518624626,-18.05331852528638,165.9461160586506,106.19163984102104,-58.782376225025835,-91.46781150460077,266.3870960275283,424.3845171653019,-604.0401131927101,-1215.6200299962427,477.8918962246518,1.7349112123506703,4.97127282394437,-0.8149412478963833,-9.211802935286075
42,0.9598529476151241,0.44041064917795564,-0.11421004858290859,0.32015948825509055,1.9780748324171777,4.642483544953475,1.8282102040547163,1.879595619369057,2.4204985401351613,3.427798860593584,2.3415756670394035,8.108049578580044,-0.025583842643574366,-0.9058326993202205,12.425066099855714,27.724405053866306,7.359214790620115,-17.242588137813165,-13.989648848013811,-29.152474876153047,-5.73325700770903,16.01664008336444,-10.718889072849453,95.25524450565723,-643.7282292135866,1834.955811469168,709.5300731996415,-990.9025753675869,617.8861525427607,-4640.7938488824075,-359.6441040930436,5641.1547754282055,-1193.9701493401699,2.212211289794836,6.875945909212558,0.5621642861133631,-14.179052107479281
43,0.9889031388808434,0.4410718357388391,-0.11829694562213318,0.37685575391389364,2.079031367329496,4.660006872664134,1.7739440596810263,1.7780715872519666,2.342608409563763,3.494454300870654,2.364292289400525,8.06949936953297,0.18366297444964175,-1.1352494301917428,15.748966187650284,28.043488160662793,4.867592113933979,-15.0739323471245,-28.201126308179063,-21.63615219568073,18.51540419723433,6.310174282305279,-10.708393784925338,58.12412879370712,-63.72688386780681,923.3057854080472,88.63421605630944,-692.1175642089205,602.4045203567075,-3947.6335062985827,2087.8678758597894,6735.74072251344,-2696.241100294219,1.9202083475694984,6.468847776211765,0.2101353173554217,-14.936469413332803
44,1.0178603262935926,0.4422496915679937,-0.12032610535747737,0.44090874700812016,2.177501658904825,4.66966810000452,1.7276308723226237,1.6256050369942157,2.2984315428017905,3.6415916733548404,2.334631628589299,8.043665714815255,0.32718227826899854,-0.563655660352066,17.79250371037375,27.352867423982186,2.6836751101967025,-12.864778335985154,-42.351832914010046,-12.271355760359153,40.87150528638606,-8.23907505398754,-7.176017469492431,39.86648589488525,158.77609740637806,567.6494914430878,-191.83915421055124,-606.6438040605203,613.6540861121263,-3930.753078443608,2601.333166074526,6210.03004485791,-4041.45942748265,2.005051606336124,6.328368713323952,2.003392317357021,-16.954662209356233
45,1.0467706500501857,0.4436642355541958,-0.11398595713327372,0.5000924874882711,2.2663140084736115,4.676747037595347,1.6876819848070588,1.5014102687539126,2.226669116365151,3.728840381355901,2.333972212682524,8.030649513225926,0.39292908200795085,1.7611531672615637,16.439936151507872,24.670109468088395,1.9663725386324202,-11.096918760988451,-34.498564025480334,-19.934017335239417,24.23576437045325,-0.1831711770279722,-3.6156133648818165,18.263010192750468,645.7805535837686,-375.7133991186892,-745.210916833408,-199.250814195905,491.072350310893,2181.464673584659,-2128.5181710320157,-4621.041459565843,2237.7521985842955,-2.3233945473396025,5.1599131984866435,20.225190973598394,-36.422546377393935
46,1.0757382256941204,0.44544186483162096,-0.09900712088637915,0.5541575125468738,2.343357965590245,4.680269978206222,1.6554620153242312,1.391281385600793,2.12677538021563,3.7789439882063065,2.3637827313001,8.04655274164881,0.4937861528945576,4.160789889726059,15.01806989166183,21.401109709162768,0.9785950947206471,-8.949995918356095,-30.591371454863264,-27.74827366872779,13.91767540453596,8.280703682651907,4.417565620269821,28.01586678266671,666.5660835911486,-394.96304392382683,-908.0559345372762,-274.38275805836605,596.3677491633316,1085.3318026229647,-2170.6278252989773,-2866.1372314276596,2351.077504526677,-2.7703806432842564,4.787257481620796,19.736889092909706,-37.83160035856091
47,1.10484191652982,0.44762816125367233,-0.07566289827092619,0.6027196780331814,2.4076448274873425,4.680072707798667,1.631248031708612,1.2913084924215716,1.9975697960379515,3.7991824477022154,2.4276632941554412,8.084362471310612,0.6073048550911674,6.484509414963741,13.489496930111358,17.857470265651617,-0.05479736190663893,-6.726109809513309,-27.770261522124738,-35.89045738929131,5.621797020505999,17.744609366192204,10.502707758059875,31.53298806708189,645.4779577523503,-424.6038055716477,-984.3447654356194,-287.0535988598873,617.7464398001459,783.6420265878163,-2261.7187928720505,-2304.4117755725338,2628.8639599685002,-3.3949289567222523,4.362348320604231,20.436095429748104,-37.999832290802956
48,1.1341561875771842,0.4502554475105603,-0.04493679779606426,0.6459235843722223,2.459322454098603,4.676250207052426,1.6147097885024004,1.2018564230949962,1.835000450896832,3.7910241118353394,2.5348598450589774,8.142855735211276,0.7298019770089228,8.535030704606399,12.001089024112813,14.354900981631127,-1.0618061105485845,-4.593957950529615,-24.847805171942532,-45.15816621580076,-2.266205149568086,29.776829446291792,16.24813418198816,34.02698945313053,569.5894336434778,-413.4467759444366,-972.9362308303283,-279.72474400056115,592.2645992190852,811.793696440068,-2574.364405933138,-2191.112431421767,3342.284450063887,-4.049148830882894,4.057817442648377,22.355718216743053,-37.99994649864373
49,1.153671275404892,0.45189325523403906,-0.02768923284054167,0.6790847139613682,2.4961314350882273,4.671404961155881,1.6045961711521162,1.1568234734262244,1.7194596790289591,3.7710755618773253,2.6276596265339904,8.131186921413374,0.6824115196669637,7.186397306060505,13.816967958080134,15.33688741018298,-2.018827709762443,-4.213955573904821,-18.763499022509706,-48.14139815287775,-8.311793928463171,38.66610163897375,-4.861946150567498,-19.74578184534873,-561.9236945717463,756.6069478704212,409.15599639318384,-398.7541116770826,158.3323827285312,2535.0964866220793,-1242.9980702347882,-2518.964446647297,3703.8180115897194,-3.814257965378562,-0.5758681244221676,19.56867419508792,-3.871589998230492
50,1.173140433677965,0.4533170888298782,-0.013067441862633767,0.7158116671438176,2.534464630208545,4.664390456898819,1.595589003665717,1.1103850631103125,1.6111949245206556,3.760748114709585,2.717157769809817,8.112108971506798,0.5932610503615953,6.092382634509338,15.302821119879518,15.972085268428446,-2.92269558428089,-3.7529678042290726,-19.349241485557204,-45.11009022713988,-4.3030816046144675,37.29070773466152,-7.94910629542393,-37.145844300128054,-455.8371814319582,619.1024077730708,264.6644591554611,-376.6097430148708,192.07728293593524,-244.05814688207852,1263.0386930382956,1670.2885019666603,-573.0779458482447,-2.925020841621516,-2.4435192184040115,0.30113448132500015,14.0289101310753
51,1.1925543584591232,0.45454025789107866,-0.0010629057042616961,0.7560752512387344,2.574202852046102,4.655116342832198,1.5877928660316285,1.0622322322700195,1.5110568514280396,3.7603793155807894,2.80155622898921,8.089093989654872,0.5096511711476,5.001864506116061,16.776407644282884,16.557507822309727,-3.864194448125823,-3.248374081454815,-20.063576990527768,-41.72398390949036,-0.1536655184234532,35.16584495818936,-9.58952676849373,-34.83727165163932,-454.380231582904,613.9912476304854,243.92481764457378,-392.28918864393563,210.24631011614127,-297.6382727856511,1410.870422708884,1728.9145343738471,-885.3549659718458,-3.122728164284685,-2.7246509050355976,1.0813966293507125,13.705938831677964
52,1.2214631025120668,0.4560028192428837,0.009506751238765413,0.8249776899048272,2.6376429474184,4.636019640109914,1.5786120812922102,0.9874253759670962,1.397614276475536,3.7824982593166356,2.8886973393331843,8.030235735817536,0.4062685121007339,2.936026440435599,19.139635545844186,17.62231247436086,-5.304658838029111,-2.5502272102276984,-20.779757490250798,-31.511940390021604,6.144173268158419,24.20595156473931,-16.3495741097149,-28.717509194504302,-573.8459833833621,656.4545700167212,295.7801401854763,-400.1304449196959,193.9303881175119,-198.93974749089494,2836.6890189202586,1749.405992519336,-3044.425846645217,-5.644618812096523,-4.618284665382895,3.4465690817688066,20.401627337099963
53,1.250173015150988,0.4571913330101292,0.014202184560709617,0.9001605840854491,2.7024406038155155,4.611876406266327,1.572749010684525,0.9132157967540891,1.3194496395863744,3.8176234912953952,2.933990199285518,7.975028890338174,0.33014491369430365,1.3042957276155935,20.884276475883823,17.999468974093862,-6.706498547396057,-1.6286415800162821,-20.613909404978706,-21.712543860157282,9.757073918458497,12.581433847911558,-15.33533707258598,-21.14558494701843,-453.26155253953135,484.62571082401917,104.76639268737797,-389.40251481882694,255.99771473678643,46.06921964851744,2722.0727355192926,1003.5902033712202,-3229.054222278309,-6.1818764115660585,-4.986035389408102,4.821661959300397,18.118510220797724
54,1.269256212720865,0.4578796777972493,0.015989728337466855,0.9520624713975853,2.7449636732607936,4.593506359873987,1.5707971783903212,0.8647335890578338,1.2762448653160714,3.8424404556777243,2.9532337508827378,7.951297153173176,0.2868090594455306,0.7448066127941771,21.625690732287534,17.7178672382523,-7.654152143435013,-0.8132598589700292,-20.200830527651842,-18.001909659061422,10.340356091847767,8.018111035723077,-9.88818008454547,-18.056526075195663,-233.1194334503529,308.9212405142443,-117.33353764885088,-394.8539186259333,339.7408811371574,172.11543764079093,1546.090745620808,243.033164006414,-1901.376095526013,-4.026329355908481,-3.4576416801148557,3.562312134827976,10.257375937136233
55,1.2882911839354925,0.45847463827258544,0.01675898329879976,1.0052262188210717,2.786319420374567,4.573049214585918,1.5708013940170498,0.8175871807112846,1.2403263153107458,3.867497874169246,2.9634037799251685,7.931207725953291,0.24789925161516757,0.32052167685250055,22.151476855492614,17.231495510183912,-8.523777994211397,0.0017565044308928146,-19.644261812266752,-14.966005364293203,10.440551177701943,4.2374959228997415,-8.37056271742001,-16.21235803300768,-176.78471503861977,219.07671493396546,-202.65411299266637,-362.34272112091537,339.5888549185968,231.90274604114003,1264.9552934137118,41.74779305253468,-1575.2502829443997,-4.271138680143014,-3.5382317547536335,4.15810460691558,8.540254732298775
56,1.3072876801122697,0.4589847198634932,0.016826818605513286,1.0591651069443848,2.8260071957930806,4.550601702939844,1.5728383938527153,0.7719040350439392,1.2097611866052522,3.8920832001252763,2.967057213411263,7.915179632200829,0.21253326832184072,0.028264614329213556,22.474459746904525,16.536516456334905,-9.353097819786665,0.8487470247153318,-19.034578837915923,-12.735426677319072,10.24385073159322,1.5222587390660847,-6.678349524665389,-14.73577590473239,-121.77335899864921,134.57574385628516,-289.57361403081103,-345.54874387826777,352.9115081242269,254.03370262462605,929.4046031889937,-81.95823851915797,-1131.3449519363169,-4.385717263139785,-3.7822035958750675,4.720883301197587,6.706772107738418
57,1.3262559010938775,0.4594164201496782,0.01649386719597593,1.1134126952984398,2.863566300245984,4.526273745676754,1.576953244927751,0.7277267462711425,1.1824813841277653,3.915711555533244,2.9670593961800824,7.903400146460941,0.17987454429017136,-0.1387293105375281,22.60308956534778,15.649576832843115,-10.136616458793187,1.714515800961852,-18.407144818468495,-11.366548033421292,9.845116617580391,0.0009094841009880482,-4.908103369954585,-13.607758183827492,-69.5805796194397,53.59558637098405,-369.55699519759736,-326.46505606843203,360.7358370414788,261.43000579778374,570.3642785034593,-166.13868312392643,-633.8934967157983,-4.485505707792826,-4.036777420634834,5.285576239475431,4.810627013405086
58,1.345205020606331,0.4597749201074323,0.016014809310231987,1.1675618776709504,2.898626039435163,4.500183483562647,1.5831464161947473,0.6850675031715358,1.1566411436879238,3.938042436582286,2.9660174728476805,7.895442204889095,0.14937452344644878,-0.1996068391041513,22.562090000180675,14.6081797787344,-10.870909146831702,2.5804800994268704,-17.774630012539703,-10.766733769298392,9.304505182475259,-0.434133387965545,-3.3157988005245724,-12.708302972138652,-25.365558967442578,-17.083099665381102,-433.91410601708094,-305.9543466423605,360.81734908761376,263.5470260591956,249.92184216992305,-225.25407253722284,-181.26730641984932,-4.582713760597606,-4.2609620408901625,5.795117623135698,3.1263124984763464
59,1.364135571485371,0.46006459094696506,0.015422668840329588,1.2215240867414743,2.931134420955989,4.472366822527178,1.5913612844316927,0.6438382750330625,1.1322263606942569,3.9592020227664686,2.963923908178194,7.887705153889388,0.12069581009625502,-0.24672443322539603,22.484184286052635,13.545117102235407,-11.590239608737248,3.4228511861649102,-17.178791962086436,-10.172794805642017,8.8164669937806,-0.8723159161625053,-3.2237612859889815,-11.949426963042129,-19.6322702051162,-32.46061389188394,-442.9414128467163,-299.720099429552,350.98686798955134,248.26508702646055,247.47380330675946,-203.34861678663245,-182.57548911744863,-4.6096736817434705,-4.395461698010133,5.835046989612645,3.142904616666016
60,1.3830481709879405,0.4602895498253781,0.01474547581149741,1.2752202852031764,2.9610612353791947,4.442861629740151,1.601528397498537,0.6039660451830697,1.1092266447440124,3.9793002008967346,2.960773227788552,7.880225277070328,0.09373257439999211,-0.2821628841944262,22.37334642141573,12.46946721670376,-12.293792081494255,4.2362839319519985,-16.613377419343024,-9.583185165631269,8.374214835124441,-1.3127794115796547,-3.1166056454015534,-11.234646588715927,-14.765975299610398,-46.18229992389804,-448.1860579817464,-293.1459516610487,338.9292563233921,235.58865988487597,245.6699190497706,-184.27115949912826,-183.52588546811617,-4.643998810317197,-4.515942944543808,5.880412755497913,3.1667882303061177
61,1.4019435394932123,0.4604536657059362,0.014006238876304766,1.3285810186827132,2.98839811428703,4.411707478781023,1.6135658594998827,0.5653910785073052,1.0876347362838006,3.9984337052762218,2.9565631489559547,7.87304554472537,0.06838140266417411,-0.3080144246719049,22.233569293297315,11.390330526339625,-12.980855564686758,5.015593453657899,-16.072852426234856,-8.996600339250456,7.972268514788627,-1.7541940177920792,-2.9915457713893043,-10.562955130119063,-10.771441452635202,-58.2402875858263,-449.63887895865605,-286.2755544451588,324.71128340878533,225.21804153307332,244.40957860401105,-167.47710877698682,-183.9221763707786,-4.684908462932764,-4.622338525646724,5.930731952589054,3.1976912781886506
62,1.4208225105890533,0.4605605651492059,0.013222986763791664,1.3815461904676636,3.0131582784063635,4.378945596378646,1.6273796745951026,0.5280654634624958,1.0674462104692495,4.016688623729199,2.951295084393889,7.86621312945434,0.04454129411559891,-0.3263540168500351,22.06875192421718,10.31670248840259,-13.650741250193928,5.755738123557539,-15.552290516251777,-8.41185920676237,7.606192015599837,-2.195019972993305,-2.8468307111664286,-9.933347210523163,-7.64147262306196,-68.6736870372088,-447.34360391235106,-279.11815468221647,308.392639117013,216.90011125155098,243.64136956187738,-152.5313932462099,-183.67690161737988,-4.731688006369924,-4.714740493138058,5.985519055908478,3.235547877210543
63,1.439686037150744,0.46061363825551904,0.012408889341472128,1.4340645469211202,3.0353760100416745,4.344619033127423,1.6428640078450176,0.4919518702811451,1.048659206166431,4.034142366352481,2.9449744431144227,7.859777736311397,0.02211372396526349,-0.33920618046735274,21.882578925557194,9.2573587386996,-14.30268919884674,6.451785001139292,-15.04728263491495,-7.82789356318772,7.272369630203587,-2.633592157070477,-2.681405281450829,-9.344791175217452,-5.35505114234429,-77.57183606069756,-441.3918252128719,-271.64411465148464,290.01860993248744,210.41928132642906,243.3182442916118,-139.0922182042202,-182.73782884138734,-4.783700766872952,-4.793399963055021,6.04433876190407,3.2802688812570002
64,1.45853519432508,0.4606160448626603,0.011572445853986146,1.4860928849859916,3.0551059181888056,4.308773078838219,1.65990132019809,0.4570224836907741,1.031274140830329,4.050865199131694,2.9376108264809533,7.853790313352811,0.0010027497611220708,-0.3485170025866646,21.67840470183415,8.220768708972331,-14.935766409372834,7.098857391157596,-14.553864425743358,-7.243754002942241,6.967824655419038,-3.068163762034252,-2.494751568951477,-8.796211054766657,-3.8794967803423708,-85.07232051179942,-431.9111278606543,-263.7813254803766,269.6126315760792,205.59026145211647,243.3907032272262,-126.89333272682246,-181.07092163090007,-4.840388643433184,-4.8587175477845825,6.106807563067793,3.3317091422660825
65,1.4773711801220422,0.4605707211475042,0.01071772598228298,1.5375949915711964,3.07242207000062,4.271455948842341,1.6783623415530062,0.42325808254759545,1.015293407354068,4.066921420656963,2.929218158184723,7.848302054755432,-0.01888482029147835,-0.3561321290871937,21.459141735076425,7.215039940571613,-15.548753921414798,7.6920673754192705,-14.068455016160284,-6.658617432089357,6.6900706842056055,-3.496933823596636,-2.286767026219815,-8.286460745425371,-3.172959122264993,-91.35927426819217,-419.0522993938045,-255.41063802852673,247.17002808173757,202.2532671076277,243.80611669806476,-115.7304473728391,-178.65361502451339,-4.901269443825786,-4.911232338205821,6.172590408438479,3.3896634145450273
66,1.496195314175711,0.4604803868575007,0.009844649977598615,1.5885403180684725,3.0874170589851144,4.232719776861392,1.6981058567692446,0.39064724881345086,1.0007210602612875,4.082370240974741,2.9198147645178776,7.843363637970933,-0.03763916488563486,-0.36378048354323567,21.227150222903134,6.2478917233291815,-16.140019079940046,8.226437874447155,-13.587803124705019,-6.071791508790756,6.436987496186573,-3.9180679307629878,-2.057666957016425,-7.814284791236686,-3.186803975141745,-96.66281517705463,-402.97711108624884,-246.35968016134268,222.65364926376728,200.27096902380222,244.5100048425293,-105.45098481719377,-175.47197302359635,-4.965931797230479,-4.951611214368758,6.241397506803122,3.453869959169864
67,1.5150090350827052,0.46034755349175305,0.008949295184314242,1.6389023848108508,3.100201071298236,4.192621962225679,1.7189782948096208,0.3591856949097725,0.9875625037914425,4.097266408410064,2.909423409504685,7.83902463101128,-0.05534705394342337,-0.3730632718932714,20.984125554629816,5.3266543019916215,-16.707367890326374,8.696820619196869,-13.108937737517577,-5.482713854722906,6.2067160457214765,-4.329717034747381,-1.8079136285158166,-7.3782628738588345,-3.8678157755248153,-101.25994586374496,-383.847664827941,-236.39456123429107,195.99216658544316,199.52658932585308,245.44821636529286,-95.94612256331985,-171.51989664456488,-5.034027544769763,-4.980639585059421,6.312981876980011,3.5240171625853227
68,1.5338138965456298,0.46017453385722,0.008024217283929694,1.6886569008297616,3.1109009972923407,4.151226933907116,1.7408131320259355,0.3288757027296048,0.9758241972373355,4.111660621592586,2.898071282490387,7.8353329945320676,-0.07209127564333713,-0.38544784866860976,20.730979686213434,4.458287732986194,-17.247871346114177,9.097818710791003,-12.629121584410896,-4.890944866818671,5.997568963839811,-4.730037258111024,-1.5381767723427042,-6.976735936702332,-5.160223233893122,-105.47709586390528,-361.8182055151761,-225.209027417859,167.08198483708895,199.92273504159851,246.56959505969178,-87.14432885392081,-166.7995406764247,-5.105261147979684,-4.999214390394481,6.38713743071967,3.5997516768610085
69,1.5526115623375356,0.4599634535443472,0.007058775338693606,1.73777957458814,3.1196596159754746,4.108608410310251,1.7634301488004012,0.2997256704195469,0.9655133944641447,4.1255997585193915,2.8857899319252094,7.832334590603478,-0.08794983665583857,-0.4022661338169003,20.467712380882247,3.649412264120178,-17.757658863789068,9.42372551889844,-12.14580623502662,-4.296153475189757,5.807954323881298,-5.1172123132644085,-1.2493307981148756,-6.607711688804208,-7.007595409974241,-109.69434423120397,-337.0303198505589,-212.41075635370703,135.79404989486528,201.38072306733395,247.8289188891907,-79.00583614330303,-161.32240091226856,-5.179375347795196,-5.008339934413537,6.463697189533621,3.68068739323348
70,1.5714037998586021,0.45971626500220963,0.006039450014077647,1.7862435827387622,3.1266348545885245,4.0648522504413345,1.786634616925017,0.27174976525343136,0.9566379353827823,4.1391269511401605,2.8726151375711724,7.830072596168347,-0.10299487901364839,-0.4247174548484948,20.19326872040979,2.9063396338276104,-18.231671876171273,9.668495822678443,-11.65658789426433,-3.6980954957323777,5.6363112760910505,-5.48947915946966,-0.9424945070721159,-6.268746536542929,-9.3546855908028,-114.35114007304843,-309.6125532094868,-197.50475664860804,101.98728309149288,203.8402888028385,249.1899855256425,-71.51769571444578,-155.11066352083353,-5.256131956430928,-5.009126778953892,6.5425311933826,3.7664147478135823
71,1.5901924717732454,0.45943476504936176,0.0049501440660087714,1.8340166586452757,3.131999092975586,4.02006000569235,1.8102165464361026,0.24496768316454276,0.9492061076377925,4.152281531745397,2.8585867136947427,7.828586703275859,-0.11729124856986016,-0.4538759365000712,19.905380673811205,2.2350917351120403,-18.66337191073564,9.82577058382683,-11.159162961577326,-3.09658437433889,5.481056632484519,-5.845156758596708,-0.6191199353243038,-5.9568004125746725,-12.149326082347425,-119.9529452572559,-279.68567434460647,-179.874403350479,65.5309278633783,207.25968453770255,250.62878250290717,-64.68921508031995,-148.19849619115354,-5.335286255326826,-5.002793500081265,6.623543639667968,3.856509833171512
72,1.608979524887982,0.4591206168298977,0.003772453198461579,1.8810577643386088,3.1359384412989515,3.9743532858514166,1.8339501884332499,0.21940451824336998,0.9432265972178855,4.165098875686752,2.8437482374875223,7.827911969482913,-0.13089464283281343,-0.49070284637626926,19.600393529824597,1.641389509259812,-19.04440133019014,9.888983606649855,-10.651282212395026,-2.4914541360891587,5.340541672116105,-6.182677230005637,-0.28113811685993684,-5.668061516951771,-15.344493192114003,-127.07754113275493,-247.37507961862556,-158.7617139876713,26.338669240009413,211.61625356110736,252.13673513146625,-58.5476994950596,-140.63304776708245,-5.41655303027743,-4.9906705807572,6.706668742545473,3.950542655267297
73,1.627766975052903,0.4587753773957888,0.002485893804883296,1.9273133252549868,3.138651868458466,3.9278790370858814,1.8575940769378798,0.19509074881555358,0.9387085472413204,4.177610163226507,2.8281466994511115,7.828077161151467,-0.14384926669415318,-0.5360645599550093,19.273083723826975,1.130590739529966,-19.36420334582894,9.851586137510544,-10.130702223485722,-1.8825143126940995,5.213018445122464,-6.500618365428675,0.06882962384295974,-5.397741273566155,-18.900648621250703,-136.37861415248935,-212.83208461850856,-133.25037898897875,-15.582224915273947,216.90757851442262,253.72404888316655,-53.13449414275263,-132.47501491409128,-5.499561886855647,-4.974205185520079,6.791864642599718,4.048083622985754
74,1.646556886449677,0.4584005322176418,0.0010680724877020226,1.9727130464978462,3.140349996579564,3.8808157751731955,1.8808919969103355,0.1720623497430347,0.93566174427281,4.189842081538974,2.8118320753838097,7.829102414687945,-0.15618494560162305,-0.590756819632781,18.916484474197908,0.7075509134982964,-19.609623999981114,9.70743276335386,-9.595132780456286,-1.2694968046490005,5.096614836238728,-6.797736294912495,0.4271874820807327,-5.13984826654738,-22.788361970748714,-148.5825019284651,-176.26597877743836,-102.25824887960682,-60.063696196527864,223.15315549464123,255.42306991963088,-48.50133436746926,-123.7987050629854,-5.583799346948717,-4.95496558290115,6.879104156158159,4.148706814540243
75,1.6653513432065459,0.4579975379017624,-0.0005052170666035198,2.0171654061313986,3.141253304232459,3.833380695212796,1.9035753789944754,0.15036103977298343,0.9340969482493297,4.201816486765111,2.7948568232363713,7.8309960397243294,-0.1679137062862781,-0.6555350031388177,18.521751213667358,0.37637686175169244,-19.764546968251086,9.451375879940374,-9.042180608396285,-0.6519960444386141,4.989317920543954,-7.072996791531559,0.7890076500998677,-4.886966389110486,-26.990814635326686,-164.47161202637466,-137.98870173458457,-64.55100919802264,-106.68999194256271,230.3959260741224,257.2910763152023,-44.70689058747745,-114.69146923486657,-5.668535685018998,-4.93464731548302,6.968359024137248,4.251986856620164
76,1.6841524109689225,0.4575678740905676,-0.002259970457954011,2.060553048515769,3.1415893887849697,3.7858373426221728,1.9253677289202193,0.13003465222483127,0.9340263609134598,4.213550049113466,2.77727531662013,7.833750334342773,-0.17902595039510166,-0.7311446424170152,18.078119941414226,0.14003473147768253,-19.80965969379005,9.080113463477575,-8.469297981573154,-0.02941128519715167,4.88896689970961,-7.325601666563094,1.14761867042963,-4.6300852219145705,-31.503904164442982,-184.84570510896103,-98.47553689255231,-18.796902029213403,-154.69212258861,238.700244376308,259.40939246144006,-41.812776431018165,-105.25165640830308,-5.752736043947602,-4.915107372689629,7.059563001384189,4.357477756030552
77,1.7029620861320809,0.4571131051714341,-0.004223902761158588,2.1027284540148767,3.141588660092564,3.738503035152315,1.945991848595605,0.1111374448354651,0.9354640638527026,4.22505394145318,2.7591432810751972,7.837336451983252,-0.18948636785259357,-0.8183021820217372,17.573022395556702,-0.0003036207431951756,-19.722557149179558,8.59335227854211,-7.873808081675427,0.5990407359570085,4.793271228326551,-7.554987626968337,1.4942103072504467,-4.358491591770635,-36.315510835996804,-210.45655353527778,-58.474103031094586,36.29259633751602,-202.81643064083033,248.11989886978154,261.85406664338103,-39.87305294332994,-95.57713960836534,-5.834958001812134,-4.898695227377715,7.1524319303803665,4.464582228057457
78,1.7217822550776953,0.456635120288652,-0.00639608027643701,2.1434970201720116,3.141414699956522,3.6917192129792387,1.9652134679013156,0.09368759945282416,0.9383859564039754,4.236343455083505,2.7405307762413913,7.8417085521890915,-0.19915964378221446,-0.9050706743204292,16.986840809916885,-0.07248312650560626,-19.493188371414476,8.008978927452139,-7.270742476693821,1.2174508036620413,4.703946911465348,-7.75518215350182,1.8217017963138553,-4.030516984422138,-36.153407022297756,-244.24143941166295,-30.074684731338486,95.56997662471566,-243.48801108830963,251.27642189510448,257.66992478632466,-37.21833005182304,-83.41408280422853,-5.9128947380132875,-4.969497893475328,7.210663310366747,4.545847729140618
79,1.7406146178179163,0.45613611753133254,-0.008753079940326718,2.1826224588551377,3.1411713250898665,3.645855229605795,1.9828451962054854,0.07767623252076836,0.9427395162195773,4.247434670866188,2.721516580034486,7.846788976840751,-0.207917051596765,-0.982079584816357,16.30220621850725,-0.10140582184260379,-19.109922856367206,7.346526466608831,-6.671378375602308,1.8139765913770296,4.621322929249215,-7.922552642912845,2.1168358269335115,-3.6489065154927247,-32.086928142447036,-285.26336493951646,-12.051078777607168,159.69337783905004,-276.02084449682513,249.73412451930045,248.55149829109146,-34.42653276275191,-69.73744768382042,-5.981746421036487,-5.112680293625737,7.240339343409495,4.605364957627427
80,1.7594606005741815,0.45561849447305947,-0.011274122234067718,2.2198410128310275,3.1409479673657588,3.601333837331661,1.998731639934557,0.06310293543095476,0.9484782677287267,4.258335966766857,2.702175441172897,7.852463662763571,-0.21567547358316147,-1.050430389325815,15.507673250901137,-0.09306537287211075,-18.550511245270926,6.6193269794646525,-6.072184577711953,2.3911375850242957,4.542189762355978,-8.058777940704791,2.364443689821897,-3.232663826369623,-28.479396148908386,-331.0541741274056,3.475174169421201,233.08730595124888,-302.9986614246261,249.66315557744568,240.4828545581145,-32.97203046320132,-56.76033002337253,-6.038109024582656,-5.2624869650014245,7.270259864554987,4.664430062497203
81,1.7783212849573509,0.4550848802233381,-0.01394178761909281,2.254866438813634,3.140812573818578,3.5586251677299674,2.0127631077775745,0.04997660966624961,0.9555628181657472,4.269048252563285,2.6825776873929215,7.858589031020995,-0.22233843716714377,-1.1115230766440378,14.593872780108473,-0.05641376649589146,-17.795212286192207,5.846423016264543,-5.469281897541935,2.9518849487649503,4.463435681691516,-8.165700128326327,2.5522272055889945,-2.7762244185529696,-25.455190950706402,-380.74876873085674,15.27144540388385,314.70671977599625,-322.0421106594202,251.20850828643606,233.64385895766426,-32.81407725639936,-44.55074448757418,-6.078909862465479,-5.418453682771223,7.30036837074715,4.722566109641717
82,1.7971973456512838,0.4545381409490447,-0.016742407726206197,2.2873991956313446,3.140804270024567,3.518232792736144,2.024888407985799,0.038315728723801366,0.963961295338917,4.279565336975553,2.6627891232490364,7.864995538503259,-0.22780716923759167,-1.1669206305619328,13.555264065703374,-0.0034599010836879173,-16.830092584841083,5.052189309358907,-4.858682013925291,3.499352251947,4.382101929092464,-8.24520387111628,2.6693680202878323,-2.2786297433959612,-23.082226820148065,-432.75199404674146,22.06402712761732,402.13168776724797,-330.92945941573373,254.4156558046625,228.11051346042981,-33.888935392483035,-33.1264341896443,-6.101005223225552,-5.580297400642215,7.330281311593573,4.779035920054772
83,1.8160890122740008,0.45398134470913887,-0.019666206140511174,2.317139940390695,3.140927613949731,3.480671537017222,2.0351236743545105,0.028148115817539718,0.9736492445927364,4.289874353533226,2.6428711908939997,7.871497750784833,-0.2319975488448365,-1.2182446949532288,12.391929741041995,0.051393106224828004,-15.65046355161798,4.264678061972467,-4.236489226749818,4.036630133492726,4.295407190224112,-8.299106842401489,2.7092447888105218,-1.7459848467630121,-21.38494530341878,-484.7207873640689,22.855332580004564,491.5102233812727,-328.1284354799088,259.246006327309,223.86493053228565,-36.1226701505789,-22.459485746055435,-6.101457002525493,-5.747381953293925,7.35953680316648,4.83303226462624
84,1.8349960713040396,0.453417677771957,-0.02270711755634998,2.3438062516669316,3.1411500259530034,3.446438467503691,2.043554347542452,0.01951014402961739,0.984608850128097,4.299956208259701,2.6228814489472683,7.877911034436385,-0.23486032265075635,-1.2670415615416157,11.11092039840884,0.09267131244389556,-14.263724233092299,3.5127670162498674,-3.599141101485377,4.566484784487898,4.200756684108922,-8.329027185428131,2.6721912681006885,-1.1928178422101656,-20.33194973008866,-533.7518447217244,17.19918659683069,577.8058323054668,-313.2950669166266,265.56069988573626,220.77192413111612,-39.43755955673387,-12.466761758622267,-6.077866696559936,-5.918706198619946,7.3876663418903155,4.883742334800593
85,1.8539179178872067,0.4528503151463044,-0.025862237835230686,2.367150396031566,3.141403464671621,3.4159805472448106,2.0503285662297843,0.012445332808066941,0.9968274130037781,4.3097860025696555,2.6028744002683544,7.884072339095104,-0.23640018237562016,-1.31462837984167,9.726689308895725,0.10559905886171833,-12.690751167649049,2.8225802348111904,-2.943659990473936,5.091048231907212,4.095731834495135,-8.336238135271575,2.567200374394575,-0.6416057444248412,-19.827764495182226,-576.7607297616737,5.386540234940079,655.4029164592837,-287.5767165975512,273.1160763517657,218.56726021540257,-43.76018525032852,-3.004550848112292,-6.028694044911247,-6.093070824771761,7.414237911880263,4.930398871518249
86,1.8728536555085142,0.4522822607276476,-0.029130908010501777,2.386975381561727,3.1415903651513504,3.3896637392234488,2.0556423057609075,0.0070024151848962855,1.0102951462418093,4.3193333878431375,2.5829026356275406,7.889860140427493,-0.23668842508206314,-1.361940635418176,8.260378668479351,0.07787489849801814,-10.965294237990573,2.2140495692148074,-2.2678735659265574,5.611533798244271,3.978061801500081,-8.321536394560217,2.411574555286843,-0.12010066287432107,-19.713363529432755,-610.9604023181946,-11.551688777850378,718.9376049453699,-253.55346270293174,281.57658714486286,216.86814665670323,-49.0289906639696,6.125701588879154,-5.953482531730063,-6.269389394871635,7.438861713021123,4.972307408372856
87,1.8918022283555127,0.4517161824725254,-0.032513361079388854,2.40314677787582,3.141592379921343,3.367748026207584,2.059718997662979,0.0032328528722192287,1.0250023123732432,4.328562865940578,2.5630182308632437,7.895208066226116,-0.23586502487780595,-1.4093499794808564,6.7380556653052945,0.0008394842409369808,-9.13151167515826,1.698615038116414,-1.5706448721759267,6.127962121992771,3.8456009595208944,-8.28513651950584,2.228293774090657,0.3430820878635902,-19.753816748128234,-634.2987913184902,-32.097964788093584,764.0731045384248,-214.76355503914212,290.5108290398929,215.1776337040963,-55.19180344069263,15.166555785464832,-5.852946386227718,-6.447371198548262,7.461000322271911,5.008715497984324
88,1.9107627124799271,0.4511543628464199,-0.035967248246967405,2.415574753230961,3.141204087319483,3.350331559799949,2.0628170577090668,0.001128222478944024,1.0408802897752178,4.337445348614818,2.5432899232128423,7.900171199171769,-0.23409060655642355,-1.4391140936827485,5.1783030602195215,-0.16178795910152344,-7.256832969141827,1.290853365810898,-0.8769259428584192,6.615798359845575,3.7010201501032327,-8.220096432422293,2.067964071888352,0.7393381110884826,-12.401666341623894,-649.8944081636017,-67.76117295626885,781.1131099707036,-169.90004044918444,289.04843725258365,203.26431387025758,-60.24177120264441,27.099931594438555,-5.732340136862528,-6.728341571823238,7.428243410848441,4.99667119121213
89,1.929735597331228,0.4505992067392028,-0.03912287906021971,2.4240347287323547,3.1396365059903917,3.337102142757757,2.0653982251871006,0.00021195110113039496,1.0574214803639033,4.346034018458147,2.5239084842788393,7.905337876736117,-0.23131414311957046,-1.3148410475536396,3.5249760535410815,-0.6531563414238113,-5.512235616799568,1.0754822574544287,-0.38177825276278976,6.892135882966614,3.578598487019313,-8.07556808105091,2.1527739279734996,1.1568552564752674,51.78023407201857,-688.8835678370561,-204.73602800243575,726.9127303104435,-89.73761205999696,206.3107334371969,115.140185871228,-51.00882747643831,60.21991169572056,-5.6296787123900875,-7.784570925472513,6.990727910525658,4.648021383764956
90,1.9487217146137457,0.4500524551877297,-0.04160775490406499,2.4283608270463164,3.136113250309257,3.32763587341913,2.0678869743300394,7.037085735357447e-07,1.074116155961003,4.3543786338171495,2.5050554294387064,7.910850720161728,-0.22781223987818955,-1.0353608147620754,1.8025337910456725,-1.4680173585613463,-3.944263195070209,1.0369746829622557,-0.08801939662931993,6.956087150677858,3.4769092300413234,-7.855408256465707,2.2970089531570417,1.4591205440684583,116.44963359021881,-717.6814200576695,-339.5240726859846,653.3192425316425,-16.0447588556501,122.39903630728939,26.646255508733585,-42.37035512983841,91.73289519675684,-5.507851005602781,-8.838033129513532,6.549477748220275,4.293478530381989
91,1.9677223002687096,0.44951530333748957,-0.043044100224399404,2.428428079092578,3.1298645682043937,3.321423127643329,2.070677873603695,9.090527960743631e-07,1.090448615140319,4.362527867912595,2.486905868337664,7.916878087119408,-0.22381234925305413,-0.5984747522306678,0.028021570546900132,-2.6036068217950366,-2.5886334130143505,1.1628699085486347,8.555974038126217e-05,6.805163300412194,3.3955002234463882,-7.56228598322897,2.5113925568823676,1.666614230532216,182.03510975037702,-739.3770470502413,-473.1603278286217,564.8434164449399,52.45612797505398,36.71024731112304,-62.88467864566972,-33.92027972765296,122.1337775569191,-5.378574038988845,-9.892066542613854,6.105311854811767,3.9328120996220712
92,1.9867390189177723,0.4489894610372941,-0.04318812513268394,2.424323466859708,3.1203185753201836,3.3178265034411543,2.074097978265077,2.5204043537053717e-07,1.1059808041872483,4.370381966165384,2.4697619769994543,7.923598391079091,-0.21910000777109034,-0.060010118076543044,-1.7102476765085288,-3.9774797773698864,-1.498586915417959,1.4250374258750738,-0.0002737539625138442,6.471717356361701,3.2725267396351296,-7.143257064013477,2.8001145005705443,1.9634670982811133,224.3592907679117,-724.2757104107214,-572.4445810674357,454.18407002524066,109.23599159329027,-0.14971339328789357,-138.93520720098394,-51.23872927048371,174.59462546526922,-5.1454779444725895,-10.77902001403652,6.037970035852797,3.5888891268709666
93,2.005773957819291,0.4484771394914544,-0.04189615430890944,2.416282739107189,3.107048725080134,3.3161286304338886,2.0784303737328287,4.823219947932077e-07,1.120333708184339,4.377725032002689,2.454018779315305,7.9311877612163535,-0.21346632081109718,0.5383186801062674,-3.350287693172616,-5.529078625445905,-0.7074438055722012,1.8051564067716173,9.595020478797542e-05,5.980348931435507,3.059596576587511,-6.559635281254947,3.162222892304546,2.3473586807287954,249.30250976283435,-683.3468379051924,-646.4965218877662,329.6414337152785,158.38217420556984,0.15404268866557516,-204.73589425137988,-88.72048982633409,243.1746150876497,-4.845379495925694,-11.53959861835117,6.262741078096023,3.256816876852751
94,2.034396965146239,0.4478343706262012,-0.03577928488114906,2.3938089100377917,3.074678091236293,3.3161259217651637,2.0886525929802766,0.002648381917385036,1.1369911904749594,4.3845865697108515,2.4378765998657332,7.951373020254287,-0.17855898071975043,1.6992452952531023,-6.24315244317357,-8.992450781092918,-0.0007524588584779679,2.839697359639538,0.7355774032627793,4.627391306513826,1.906111583138055,-4.4842419490486165,5.607395557278142,9.697139054632217,322.5014220459907,-803.6278809440737,-962.1128766432654,196.31642628328052,287.39191961975945,204.31421883600567,-375.84697629662037,-320.4341651251651,576.5371318122922,-6.193342168216284,-17.816142476534228,11.279509224176241,4.153818365521168
95,2.0535071124016335,0.44743329927759007,-0.03110396374104253,2.376776939504023,3.0500385145177775,3.3161269556762463,2.0966495425737124,0.0070164779008039845,1.1465980658677581,4.386684692659866,2.4307643590929637,7.96251615421239,-0.16711211324686692,1.9480394162698484,-7.0966141024852165,-10.266432018139508,0.00043079383876406456,3.332043415007366,1.820029661011956,4.002842023369161,0.87421293262588,-2.9634168323764762,4.642946125122218,4.769501037844467,103.66362860494093,-355.6070059769783,-530.8225020235575,0.49301915837648147,205.14302516546547,451.8525422854889,-260.22739069880527,-429.9553302444545,633.6735346618384,-3.584489233130019,-11.830729310615407,10.305216927641016,2.5260929588772707
96,2.0822951414643325,0.44701108733333006,-0.022718830090423362,2.3415942940987775,3.0043675896130737,3.321446797401427,2.1112150797046163,0.025278435733520895,1.1544881569198722,4.378590046332743,2.4360528293127865,7.9967293414279155,-0.11728189643035039,2.3292196957861027,-9.773023787367476,-12.686454652389349,1.4777439026081063,4.046010162581,5.072800701803795,2.191706923928721,-2.2485282216301443,1.4690295360624441,9.503728007022856,13.841821405643522,105.88413395521155,-743.4522109925007,-672.2330995316545,410.36755443182045,198.32545071742032,903.5536808093168,-503.0965183285652,-867.4340212571179,1231.243509293519,-6.9449266532116924,-17.022992885666092,17.886005810610637,3.0753765957083807
97,2.101547315932297,0.44677436070764975,-0.016989208710096442,2.312762967795903,2.9721745936586608,3.330997958896576,2.120987833690402,0.0424389039297432,1.156850962713836,4.368308102179609,2.4465111739332372,8.021660833605884,-0.0986351284448914,2.387318871145632,-12.012935025574427,-13.4136170017396,3.9796116645715274,4.071940965146275,7.150125085612275,0.9844927764598899,-4.284101457929707,4.357600933121612,10.388020047301346,7.76941060196555,24.20775275135009,-933.2872128380529,-302.98134619348923,1042.4346959040017,10.804395299240333,865.5433533505127,-503.0009706508539,-848.1472121879816,1203.5596331947122,-7.641159439874945,-10.291076770779723,14.88859045023633,1.3537838157746496
98,2.130644665888073,0.4466226786496798,-0.008296899726115083,2.249965791357813,2.919487245915073,3.3682077629465783,2.1337900122808433,0.0868051082602268,1.1484090451035482,4.334237834848802,2.4896994430198682,8.082622740966443,-0.04213403808277898,2.4145379002628813,-17.44371522212209,-14.635420602933257,10.336089329734671,3.556171952644438,12.323984575809869,-2.3449845212014067,-9.463993041885685,11.99677930784494,16.933916645811852,15.694796898834083,7.560865304382474,-1508.5548197523165,-339.3909612735054,1765.6938177180468,-143.26962269309894,1437.187731446118,-924.8577263052895,-1438.863318338438,2122.0006958599433,-13.074177540053842,-14.49828829426927,24.138588436761662,1.2804162054303159
99,2.1600033985290774,0.4466226786496798,2.4581434200527662e-21,2.164658028578287,2.8650945866362614,3.4331109407705256,2.1408861322740047,0.1530728064615612,1.1219971283212027,4.277187718634085,2.5709531009996716,8.155222431258778,-5.527754684002438e-22,2.3046997151987436,-23.696655747613203,-15.10910707456234,18.028702332694657,1.9711490155507567,18.407736650205873,-7.336660571481563,-15.84729126932315,22.570512912850774,20.166627422723543,11.703926620193409,-30.51067774610749,-1736.931953376985,-131.57988071385574,2136.841902675071,-440.2851706409322,1689.9350523747362,-1386.579897456687,-1773.142510147255,2937.1550377233407,-16.519041549555908,-12.699868084620663,27.56721152470945,-0.5284698973783073
