node,x_body,y_body,theta_body,theta_ullA,theta_urlA,theta_lllA,theta_lrlA,theta_ullB,theta_urlB,theta_lllB,theta_lrlB,dx_body,dy_body,dtheta_body,dtheta_ullA,dtheta_urlA,dtheta_lllA,dtheta_lrlA,dtheta_ullB,dtheta_urlB,dtheta_lllB,dtheta_lrlB,ddx_body,ddy_body,ddtheta_body,ddtheta_ullA,ddtheta_urlA,ddtheta_lllA,ddtheta_lrlA,ddtheta_ullB,ddtheta_urlB,ddtheta_lllB,ddtheta_lrlB,Tau_leftA,Tau_rightA,Tau_leftB,Tau_rightB,GRF_yA,GRF_yB
0,0.0,0.4551167252054419,0.0,0.16387813614246613,1.1219971588851874,4.2700183920229815,2.5794632102481203,2.2333018723673086,2.957190794451434,3.424807118176326,2.108800943013276,8.108322799483794,0.0,1.1865047907476014,-22.524637985486336,-12.620296683929094,18.491074661656114,0.5442939017769525,17.51495725631709,-4.653545936115566,-13.834140523601912,19.063662786370134,-0.4863985770024377,-14.034490605185358,13.765683614114591,67.64371397433703,-139.22415298749223,-411.0168018105306,241.93270243193632,109.9717771336486,-172.73769648163474,-264.75429699030707,233.45940184278348,2.8964367368405427e-06,1.3833797640203727e-06,-2.441813422061177e-06,3.9903338766354824e-07,0.0,0.0
1,0.036764963210068564,0.4550931239708033,0.002778742893223192,0.09777621401569488,1.082906866281311,4.295205350731556,2.5720315632690953,2.303280323294732,2.97871974122584,3.3503254526700785,2.1156376961511363,8.170009040173285,-0.005244729860160731,0.6174997219018955,-14.689346981330612,-8.686749994332217,5.597113729388236,-1.6514805864237534,15.550799641159369,4.784220475545929,-16.551516100702983,1.519281676486322,13.70808237200732,-1.16549798039904,-126.44583729926626,1741.1794476870168,874.1233285159115,-2865.330689394514,-487.9509144692594,-436.48038977961113,2097.2858441811672,-603.8625118053112,-3898.7595731563592,18.270669773105826,7.6816462638408325,-12.353756042706223,-7.870470042593674,0.0,-7.281440357429541e-09
2,0.07361909696116868,0.45518122296014857,0.001189931244975561,0.05170116541090488,1.051964907191248,4.310442342077507,2.570855539182386,2.3468358198090713,3.0067029940211034,3.3163306070311527,2.1111375403984205,8.18983032064,0.019577607739493078,-0.3530702389719316,-10.23892822001838,-6.876010068429222,3.3860075117535047,-0.26133941413953377,9.679026195345559,6.2185179486396445,-7.55443119188337,-1.0000373982495734,4.4047412661101735,5.5160903923495095,-215.6828145127566,988.9847026957194,402.38777142634956,-491.3583063880859,308.9211212949345,-1304.8421793666303,318.73365992789337,1999.3577730320126,-559.85024325861,16.628839909756504,8.640495121623475,-11.5015044484186,-8.948857106213447,0.0,-7.289281743076722e-09
3,0.11052477034724012,0.455394221911186,-0.0040280285497201794,0.02228494321594931,1.031231807640311,4.319455041171183,2.571122336476241,2.3676798569768653,3.0368381784665046,3.316126537970905,2.101010577450473,8.201290890558669,0.04733327417082269,-1.1595508821603138,-6.536962287570382,-4.607372386932753,2.0028293808130573,0.05928850539660316,4.632025281273208,6.696732263680964,-0.04534884670305309,-2.2504444805869106,2.54680267424848,6.167948539602024,-179.21857930084622,822.6621192177679,504.1435596256352,-307.374047524713,71.25091061860749,-1121.559880190252,106.27023830876146,1668.69109770057,-277.8692616331875,15.128540336978507,9.11235628437505,-9.96093018805164,-10.015905581748225,0.0,-7.294895293433425e-09
4,0.14744591976815336,0.4557208198941542,-0.0121680801067955,0.006283344848444278,1.0226141507709412,4.325518426864927,2.56818681267676,2.3726750071669884,3.0659406477977056,3.337227715626866,2.088373750076128,8.204745141407326,0.07257772999977466,-1.8089103267702902,-3.5559303683587995,-1.915045426219273,1.3474264775474993,-0.6523422214378932,1.1100395002816423,6.467251090316178,4.689176462980228,-2.8081993553464297,0.7676155350587778,5.609910026060677,-144.30289500068554,662.4551927323611,598.2981812988066,-145.64589322309706,-158.1410340698726,-782.667825296038,-50.996097676815225,1052.122540624118,-123.94621160378341,13.650862582001192,9.61552077522417,-8.026235453026473,-11.166362015875729,0.0,-7.298518395300433e-09
5,0.18437430618506437,0.4561461797983749,-0.02192574570334622,1.4312007728427495e-06,1.0268771341355034,4.33148680862989,2.5583004373754044,2.3627067605607244,3.0919623142959107,3.3756886109857813,2.073551865004399,8.206362831665558,0.09452505367197805,-2.168384596373429,-1.395990122286413,0.9473359555978631,1.3263159058244538,-2.196986943783396,-2.215180688454396,5.782631127123334,8.546922645974163,-3.293774208670929,0.35948912195706,4.877215570827784,-79.88370387232548,479.9899230330272,636.0889944283824,-4.691269452918146,-343.2566723733071,-738.9427486994423,-152.13878441190639,857.2826478988424,-107.90624272954484,12.20967978615002,10.092339629519667,-8.046935376931604,-11.697567862328773,0.0,-7.300175187906285e-09
6,0.22129956350249247,0.45664936087763897,-0.03199942101471512,1.1157519647284826e-06,1.0443607693116703,4.339836285916096,2.538459922224553,2.33943359405402,3.1127567331486263,3.426174040897246,2.056832041265948,8.205678784801684,0.11181891764589624,-2.238612532253513,-7.01002993741529e-05,3.8852835340587024,1.8554543315060894,-4.409038855256305,-5.171856407594645,4.621019161902335,11.219074727221187,-3.7155462927938014,-0.15201163773771337,3.8431118163406435,-15.606333588896307,310.20694618944816,652.8824947160786,117.5872632792687,-491.57104809899636,-657.044337254662,-258.1380700273927,593.8163532445659,-93.72788422181556,10.787312826607435,10.540831298035242,-8.021769036888925,-12.254146964521706,0.0,-7.299793190716963e-09
7,0.2582078641740138,0.45721162594717824,-0.04194639492972631,0.004866920640964399,1.0753987404461918,4.351864873381788,2.5074239409370005,2.3057355733147475,3.1270497215757476,3.4828462778513405,2.0387508048424587,8.2019225015487,0.12494898008804062,-2.2104596443476794,1.0813002463163,6.897392435276199,2.673044827361486,-6.896950242860571,-7.488520184630346,3.1762498208223846,12.593950060820491,-4.018090705326556,-0.8347375407241006,2.9178193693989036,6.256256738923963,240.30680408047706,669.3638917132132,181.68850266744963,-552.8744488525264,-514.8190628037578,-321.06290326432645,305.5307540662124,-67.23273029974354,10.016066506883615,10.968956052781934,-7.781812127615715,-12.541049873714893,0.0,-7.2972571723309185e-09
8,0.29508298917468245,0.4578205250483866,-0.05242093097267129,0.015738739581910105,1.1204988687629331,4.367416722903854,2.4659030118108896,2.265457350896929,3.134742648106217,3.5403086889343096,2.020224145888698,8.194554613763929,0.13531227186439912,-2.3276980798355225,2.4159840559433268,10.022351505861888,3.4560013085050985,-9.226965910812941,-8.950806087902386,1.7095564175703382,12.769553075397173,-4.117076717825956,-1.637324858947212,2.3029768831482045,-26.053247613938908,296.59938427047615,694.4423312253736,173.99207853032132,-517.7864655812042,-324.95569018633984,-325.9351444741742,39.02328448416364,-21.997112834474294,10.082371374813457,11.365400440149605,-7.28694994384281,-12.478513306614818,0.0,-7.296446082497932e-09
9,0.3073739374913767,0.45800711363288293,-0.055939325908697435,0.019502461221983437,1.136066986937723,4.372904329536502,2.451727875315313,2.2519680263466673,3.1372307630735445,3.559106888358689,2.013689182948871,8.193918052896446,0.12439166869591789,-2.3455830291277318,2.509133217229934,10.378685295484562,3.6583832179479607,-9.450036225082647,-8.992830911479773,1.6587336976087563,12.532060314350002,-4.35661670913767,-0.42437145201786936,-7.280359915694729,-11.923230421652555,62.09908093436479,237.55448289375838,134.92049096904285,-148.71268091471572,-28.01638666992254,-33.88161693145178,-158.32758970546507,-159.69240197143822,3.2068654045880307,4.272348356849028,-2.5827564695153553,-4.069629084046329,0.0,-7.2953988045831454e-09
10,0.3196634170170132,0.4581779650723638,-0.059494166535119686,0.023461738235184045,1.152216064645033,4.378624093757012,2.437143229573694,2.238362753510084,3.139518338922581,3.5777026486322914,2.0070487595002198,8.192938881581199,0.1139002997301368,-2.3698800201655383,2.639502715858263,10.765989428103497,3.8131540540783213,-9.723040827020636,-9.070129339882701,1.5250417301272012,12.397101688508394,-4.426923316738258,-0.6527770947240792,-6.994205453652916,-16.19790017663631,86.91249552563698,258.2012590941215,103.17995960871224,-182.00201346220348,-51.53198703219084,-89.12746192788796,-89.97189594204559,-46.870800170286216,3.1883219112689622,4.318850829027334,-2.5310559853990617,-4.07223300864293,0.0,-7.29421365093544e-09
11,0.3319511498559159,0.45833295807036367,-0.06309133978588882,0.027628410604039137,1.168950708327131,4.384574083740786,2.4221588389232034,2.2246754658344106,3.1415918186436107,3.5960506244328974,2.000332985194356,8.191774385107456,0.10332806609094815,-2.398101592927837,2.7777654698236525,11.156364421018335,3.9666369850102736,-9.989535833535681,-9.124805531920332,1.3823117974206904,12.231912929138513,-4.477156905687438,-0.7763264802556711,-7.048114884520119,-18.814272729768415,92.17463475135536,260.2484859877406,102.32136055066293,-177.66230733935228,-36.45058329971605,-95.15273664085578,-110.1252009182451,-33.488865083646076,3.170113247607699,4.363984686495073,-2.4804780350062963,-4.075064926246619,0.0,-7.288108552343627e-09
12,0.3687467158920586,0.4588310541073395,-0.0754581065009928,0.048530948221434375,1.2338626875449539,4.404965999751704,2.368277526311031,2.1823330311987057,3.1399293118713536,3.645171394647558,1.9834704179205422,8.17687984524772,0.11068919123965693,-2.748199753315023,4.645058004823906,14.42503844240343,4.531585323945905,-11.97375299788033,-9.409530486127805,-0.36944989799313255,10.915843380606717,-3.7472772220692887,-3.3099331224768282,1.6358230719348055,-77.80042271170285,414.95833165407436,726.3797681463918,125.54541712203564,-440.9418603259832,-63.272888293423975,-389.2845373498661,-292.4630254570213,162.19721877822926,10.036565919883506,11.978437784003683,-6.336660793788669,-12.497731181144072,0.0,-7.286006351015103e-09
13,0.3810096705661993,0.4589798656560059,-0.07960089613204671,0.055686172419311925,1.2559436021344852,4.412033188131241,2.350205600261714,2.1682903452399755,3.1390702587146304,3.66096925519551,1.9778287647131068,8.175255283742258,0.0992071186630649,-2.7618435948495828,4.770121555893144,14.720523598492052,4.711431353721962,-12.047880208970419,-9.361735864858884,-0.5726987536966501,10.531845411515302,-3.761080132701434,-1.0830346669457669,-7.654670264584824,-9.095841137793991,83.3752128953374,196.98895150244053,119.89665168437945,-49.41785158932693,31.86289442031036,-135.4984443519677,-255.9971482550453,-9.20188658239301,3.039372430490529,4.371213608514791,-2.3294093254937365,-4.412395218041826,0.0,-7.28373803726283e-09
14,0.39326993566305257,0.4591119188172626,-0.08375315666013403,0.06307883675788815,1.278499071530597,4.4192707204589965,2.331918238121448,2.154271782600474,3.137787976964913,3.6762845208808477,1.9723519591088188,8.17346214443209,0.08803492469846001,-2.768157455979622,4.92841399761855,15.036891437717166,4.824993263415527,-12.191503282693946,-9.345653633763996,-0.8548494879202982,10.210117262729785,-3.6511823296994947,-1.1954191981643665,-7.448085642404879,-4.209216075174967,105.52767578609676,210.91065627006128,75.70749593073587,-95.74815445446755,10.721424538023236,-188.0993866757905,-214.4841750258367,73.26477245774623,2.973352322576067,4.358765996962517,-2.2866665202397,-4.537652393160498,0.0,-7.281284074484326e-09
15,0.4055273747140899,0.4592271871422388,-0.08790212078578752,0.07070177591478204,1.3015077774526322,4.4266710874445145,2.3134355164995797,2.140290303428238,3.1360336520827357,3.691073567355902,1.967087857362794,8.171577969545192,0.07684509798832896,-2.765959814644515,5.081929546481093,15.339047058474746,4.933548971658254,-12.321741939211273,-9.320931289952235,-1.1695430423051927,9.859306325158238,-3.509380522158974,-1.2561092029448149,-7.459840595315657,1.4650856059042918,102.3430972688894,201.43589567740506,72.37004648777607,-86.8252603132543,16.481465598689915,-209.79446893124558,-233.87258276373504,94.5339823200467,2.907359592367763,4.345937526494142,-2.2450292770497664,-4.663337805148245,0.0,-7.2786679033044685e-09
16,0.41778187019109375,0.45932564793885877,-0.09203488711052395,0.07854807255938845,1.3249484211663909,4.434226155367638,2.2947772684134757,2.1263575226028313,3.133758732926488,3.7052951880955365,1.9620841363322428,8.169615426549194,0.0656401436098658,-2.7551612862600385,5.230833552417289,15.62700356383717,5.036682217492797,-12.438758632100475,-9.288465720973097,-1.5166038184033832,9.481024527127888,-3.335794329358536,-1.3083542741876097,-7.469925491086277,7.198976427825941,99.26875131286488,191.9698703874512,68.75509136553815,-78.01066810015382,21.643584891877623,-231.37248495318192,-252.18637671137327,115.72344542454597,2.8414976351842176,4.332153062596971,-2.2040363011267896,-4.789842922288941,0.0,-7.275878297713966e-09
17,0.43003332507909536,0.45940728045131823,-0.09613841823678237,0.0866110020569458,1.3487997161900709,4.441927227799307,2.27596306338077,2.112483932532195,3.1309149915324856,3.718910223705962,1.9573882293205884,8.16758819089912,0.05442135247220509,-2.735671205926632,5.375254477963728,15.90076912121207,5.134017863606692,-12.542729026964262,-9.249005237514917,-1.8958163613999996,9.076636618829939,-3.1305861225927707,-1.3514824245019559,-7.479149770355725,12.993309890623932,96.2800464757062,182.50929003378735,64.89004620438646,-69.3131858261356,26.306833077910667,-252.80686386506216,-269.59034127378294,136.80466047318816,2.7756869899340306,4.317478903120072,-2.1635824127015892,-4.917083731008485,0.0,-7.272903062404259e-09
18,0.4422816642466055,0.45947206416504055,-0.10019953964091366,0.09488397795918299,1.3730403783356708,4.44976510748421,2.2570121922422968,2.098679118964502,3.1274545658962603,3.7318812073299585,1.9530472995694268,8.165510851505552,0.04318888546161418,-2.707398157513349,5.5152844463315205,16.160345259104503,5.2252220276224,-12.633838907494836,-9.203154276541921,-2.306936695415688,8.647270955509846,-2.893935945434753,-1.3848846875042113,-7.4882667772175315,18.8485867729881,93.35275669669647,173.04972876444572,60.80241417123912,-60.73955888853996,30.56712540832173,-274.0785916170965,-286.24207210101275,157.76584589691143,2.7098452888324296,4.301979639708832,-2.1235514532347985,-5.044988376038139,0.0,-7.2697289299708575e-09
19,0.4545268356973804,0.4595199772162526,-0.10420493938180454,0.10336049843837034,1.3976491136760512,4.457730158126639,2.2379436557431833,2.084951968579648,3.1233299886937,3.74417202754739,1.9491082459881581,8.163398831757174,0.031941843187973246,-2.6702505307461473,5.6509798703377925,16.405725484225076,5.310002017585381,-12.712281670040086,-9.151378881508897,-2.7497016968873895,8.19383116093223,-2.626020022081664,-1.4080047483101565,-7.497983358293779,24.76493646275052,90.46307520157241,163.58583880496414,56.519655425190905,-52.29486240318604,34.51672367556953,-295.1749030454232,-302.29138923921647,178.60954781252616,2.643888150577657,4.285718637719728,-2.0838181532829485,-5.17349521650632,0.0,-7.26634144659329e-09
20,0.46676881172354423,0.45955099488241913,-0.10814116862570376,0.1120340936398939,1.4226046048558798,4.465812365907069,2.2187761560022246,2.071310867886503,3.1184942043930186,3.755747608791856,1.9456177362576454,8.16126832375804,0.0206783198906068,-2.6241370653420115,5.7823620647520615,16.6368941774165,5.388106152428824,-12.778256398084539,-9.094012498490562,-3.223836833966118,7.717007804756458,-2.326992508114759,-1.4203301337688403,-7.5089704230954135,30.742125592890787,87.5876034463199,154.11153633658185,52.06911043527504,-43.98288781214591,38.24402560301576,-316.0881925557787,-317.8803278546171,199.35047842394425,2.577729795951917,4.268758364069176,-2.044249669136795,-5.302551413781091,0.0,-7.262724845987513e-09
21,0.47900758997615933,0.45956508812837393,-0.1119946429415929,0.12089827384102653,1.4478854961453773,4.4740014006632185,2.199528090013784,2.0577638934874933,3.112900576742878,3.7665736083558286,1.9426222630290313,8.15913623329311,0.009395440569427989,-2.56896736470549,5.909417783760148,16.853825755524984,5.459323538305359,-12.831966507240628,-9.031261731278988,-3.7290625823751533,7.2172894614830545,-1.9969700938263988,-1.421385060339959,-7.521874127070922,36.77957833309019,84.70330119630057,144.62017879212488,47.477970558172,-35.8065232218697,41.8335921981008,-336.81513176823773,-333.1435505151042,220.01361432001406,2.51128349207519,4.251160652116251,-2.004706817126422,-5.432111874494803,0.0,-7.258861910481096e-09
22,0.49124319446563003,0.4595622221820402,-0.11575164431451129,0.1299464782522888,1.4734703776395155,4.482286676762996,2.1802175443446705,2.044318994177096,3.1065028881807057,3.7766161283771575,1.9401682195460779,8.157020133051448,-0.0019106192885377888,-2.504652374565515,6.032099649358988,17.056484101705877,5.52348386317401,-12.873618948595333,-8.96321178542015,-4.265099811908727,6.694972698001621,-1.636019055295515,-1.4107249290094486,-7.537327474606943,42.876399762695435,81.7874138144311,135.10474381147472,42.77329020785886,-27.768125638046005,45.366355123793355,-357.3559832808577,-348.20906144969956,240.63256464982481,2.4444618888716168,4.232986955386858,-1.9650450371390076,-5.56213845037725,0.0,-7.2547338180736455e-09
23,0.503475676500809,0.45954235511290015,-0.11939832382571974,0.13917202426696665,1.4993377690188985,4.4906574137795285,2.1608622902117918,2.0309841656406693,3.0992553322863223,3.785841440720345,1.938301991619433,8.154938221761167,-0.013244631875833052,-2.4311048275356795,6.150326450130935,17.244822273217334,5.580457264855673,-12.903423954859255,-8.88983140131353,-4.831674422859287,6.150170670088792,-1.2441443531858194,-1.3879323841721196,-7.555962247747041,49.03139858824328,78.8173858485123,125.55801423279335,37.98203583388708,-19.86988283183183,48.91995731999793,-377.71410062427054,-363.1991339077663,261.2482059802075,2.377177282723821,4.214298616789574,-1.9251151172642127,-5.6925993486759525,0.0,-7.250319974410485e-09
24,0.5157051155724477,0.4595054363856493,-0.1229207049521273,0.14856805694467223,1.5254661033050323,4.499102697151361,2.1414797781540256,2.017767618738013,3.091112500009372,3.794215722330645,1.9370700634533937,8.152909287085825,-0.024612333608096313,-2.348239655957983,6.263983297278318,17.418782497680013,5.630154321138519,-12.921595310882864,-8.810977131057507,-5.428521496778244,5.582820104286031,-0.8212803978244515,-1.3526148060100518,-7.578421257335073,55.243108287650415,75.77076587247208,115.9727704024001,33.131167287050076,-12.114162915894418,52.569190502582614,-397.8956044851401,-378.23138656407093,281.90757144657687,2.3093418262688767,4.195157165504338,-1.8847637103097912,-5.82346873358071,0.0,-7.245597828711799e-09
25,0.5279316201837692,0.4594514053605737,-0.12630468743949236,0.15812749850068195,1.551833711058573,4.507611539074892,2.122087131542473,2.004677942512578,3.0820293600252664,3.801704798403457,1.936519135356895,8.150952670372233,-0.036020460640449656,-2.255974374420998,6.372921628482007,17.57829646839864,5.672526204599289,-12.928351128061125,-8.726396854684447,-6.05538921076842,4.9926865081116265,-0.3672831264613951,-1.304403076230655,-7.605370991493611,61.509807327121365,72.62510503683865,106.34198954840735,28.247747628824005,-4.503850267941757,56.386502232653605,-417.90922506069944,-393.41996462014947,302.6629759687705,2.2408676948342894,4.1756246462261695,-1.8438336705511602,-5.954726510847734,0.0,-7.240542672898125e-09
26,0.5401553286284813,0.45938018971097133,-0.12953605170234236,0.16784299756032112,1.5784188054827437,4.516172939932203,2.1027011382053753,1.9917242631791585,3.071961233223458,3.8082738905408204,1.936696251852247,8.149088231610232,-0.047476804171624705,-2.1542294309079457,6.476959051275089,17.723285947807174,5.707565039527291,-12.923915101211346,-8.635732461181535,-6.712042749225979,4.379367494821826,0.11807692848918648,-1.2429514367667147,-7.637514807347106,67.8295400743737,69.35785008001534,96.65905119542501,23.359077865165847,2.957332822535071,60.44255272141044,-437.7663003574479,-408.8767967616902,323.57135559810337,2.1716672149639167,4.155763981117007,-1.8021642366850692,-6.086358292587424,0.0,-7.235127423473456e-09
27,0.5523764097145293,0.45929170372622935,-0.13260046369693937,0.17770687792396153,1.6051994689045943,4.524775950606792,2.083338239476008,1.9789164004232795,3.0608637610036,3.8138873669341984,1.9376489391231821,8.14733631325667,-0.05899028667156391,-2.042928522163411,6.575879016796086,17.853663686025378,5.735304493841845,-12.908518226573802,-8.538521640717148,-7.398268431867664,3.7422941343205856,0.6351208655778323,-1.1679382469786441,-7.675606879892918,74.20014065269969,65.94623024925284,86.9179472377528,18.492853607271794,10.264518741170447,64.80680735480445,-457.48092037935004,-424.7129110489066,344.69379709792304,2.101652957623319,4.135639362586155,-1.7595910842869404,-6.218355540150561,0.0,-7.229322386212047e-09
28,0.5645950634303266,0.459185846466825,-0.13548348020075185,0.18771108657040447,1.6321536411134276,4.533409736084008,2.064014516002308,1.9662650224039007,3.0486928667493407,3.8185084914979983,1.9394253511142934,8.145717701885886,-0.07057106059797637,-1.9219988647007942,6.669430312058915,17.969334658965455,5.755820635551527,-12.882400960635797,-8.434198749119696,-8.113878261933328,3.08073025371845,1.1842671818359822,-1.0790674326450858,-7.720467194512073,80.61926251356685,62.36713631318873,77.11349497155929,13.677341431068296,17.41140066855433,69.5481551865735,-477.0702072416524,-441.03980180581425,366.0952322010816,2.030737796396206,4.11531667357297,-1.7159462692649208,-6.350715882384026,0.0,-7.2230950043999185e-09
29,0.5768115215491388,0.45906249973434093,-0.13817055441169582,0.19784714060165692,1.6592591100380996,4.542063640774124,2.0447456696843735,1.953781800893675,3.0354047095663463,3.822099168766999,1.9420744239034355,8.144253586955484,-0.08223063171848423,-1.7913714079857928,6.757326354230459,18.070197627570128,5.769233081158904,-12.845815801526848,-8.32209471621394,-8.85871508330073,2.393769613356996,1.7660372879971125,-0.9760704090880417,-7.772997950554225,87.08441698562144,58.59698856843364,67.24155118123986,8.94157350562342,24.389950868294243,74.73554636093317,-496.5547211082972,-457.9708459643933,387.84426941144653,1.9588349292819498,4.094863931237318,-1.6710580822779064,-6.483443604610144,0.0,-7.216409592370744e-09
30,0.589026048230406,0.45892152581459217,-0.14064704176223708,0.2081060728506369,1.6864935053860532,4.5507272560826175,2.0255470010274013,1.9414795679572678,3.02095562902561,3.8246196812571114,1.9456460382379002,8.142965516303144,-0.09398200987782726,-1.6509809690739663,6.839244263607192,18.156147017621866,5.775706463663232,-12.799030278628388,-8.201435977730183,-9.632658526666233,1.6803308737188203,2.38106093850399,-0.8587082560179601,-7.834201817031868,93.59302515020262,54.611589022553936,57.29922555345389,4.315560633833119,31.190148383616908,80.43864263858062,-515.9589835404383,-475.62277331451304,410.01313505410366,1.8858578710138016,4.074351769405256,-1.624750841776503,-6.616550335589328,0.0,-7.1869817593064925e-09
31,0.6256337628287889,0.45851421302826884,-0.1412765844531,0.23843042809536627,1.7703439851938922,4.5784933375273535,1.9663029410695558,1.9077744028705788,2.946077301904579,3.8049728620372636,1.9802564800977038,8.135073566382601,-0.09051424044413404,-0.13989882076863322,6.738767046110303,18.633499230880187,6.170259948788761,-13.165388536697794,-7.490060511982839,-16.63968118032041,-4.365973714894107,7.691233768167201,-1.753772227798829,0.7706178810625167,335.7971011349168,-22.32834158182396,106.07860705140874,87.67883115846321,-81.41320521489367,158.08393970133184,-1557.1210984939275,-1343.6275160235116,1180.0421603326351,5.675823087414804,10.618657314185945,-4.0129525694318,-20.376532527776824,0.0,-7.176013883370351e-09
32,0.6378371735520224,0.45835902093549147,-0.14122682301304104,0.2486573562783939,1.7982688254831265,4.587675229505497,1.9468903227823255,1.8968789307854494,2.9197231046082197,3.797063843883634,1.993196298083542,8.135554877215526,-0.10346073044122601,0.03317408022646199,6.817908316398803,18.61644058066675,6.121221989409834,-12.941662373579032,-7.263601387518888,-17.56935197971309,-5.2726448919107956,8.626489897987737,0.3208718269889633,-8.630937876911558,115.38119266311278,52.7605078684133,-11.372360407274783,-32.69176287202866,149.14981711271056,150.9717796365793,-619.7765508133297,-604.4435677450073,623.5000805079164,1.6797142284091058,3.9349823344009915,-1.3024942260074674,-7.211819458383275,0.0,-7.1292505191272275e-09
33,0.6744710464899226,0.4578558919273112,-0.1325363651157237,0.27712417537568657,1.8810250175346046,4.616367613940482,1.8888463242282767,1.8700465110147646,2.8046478981788123,3.7397373166887635,2.0614878220497688,8.140886671764779,-0.11180680360538955,1.9312190383946612,6.3259800177155965,18.39032367721313,6.376105808519631,-12.898707570602648,-5.962779006539989,-25.57234982661483,-12.739268981207337,15.175942718193733,1.1848470200295425,-1.8546888530974706,421.7891165521817,-109.31774909528791,-50.248361365087774,56.64102972014016,9.545542280814876,289.0725641156142,-1778.4496500396183,-1659.255100727989,1455.4386117391841,4.815098347775032,10.138901267565176,-3.3839465442253585,-21.753910816753834,0.0,-7.111681957940981e-09
34,0.6866874348743669,0.45766422907339327,-0.1293207933492174,0.2867426303419636,1.9084429205978621,4.625738782610576,1.8699619285170086,1.8617792818624184,2.7646409536529495,3.7186351466033747,2.086221089788786,8.144205422372863,-0.12777439657478012,2.1437004286927035,6.412261187680519,18.278481967895765,6.247404739859897,-12.589514438308528,-5.511449895967013,-26.671121143708486,-14.068020975176106,16.488736842191052,2.2124858712153386,-10.644992050935851,141.65332965528265,57.520402115880024,-74.56064974405777,-85.80014880490123,206.12740077883376,300.88409715948836,-732.5093994241954,-885.8288434942835,875.1903333993938,1.4340562271426904,3.7604696144014302,-0.8333481944416837,-7.896940903436744,0.0,-7.038406414084684e-09
35,0.7234467216236639,0.45693269764817845,-0.10912986167175735,0.31050257325277214,1.9863946507212706,4.655180101661206,1.8146012351623773,1.8461738110936097,2.603915613426679,3.6134264479043505,2.1957687277338325,8.168763723373415,-0.162563202315575,4.48689201596387,5.2800088598821375,17.322677383517913,6.54254204302966,-12.3024265040932,-3.4678965446696646,-35.7168880240126,-23.379806229030045,24.344018885074195,5.457422492693908,-7.730877267914496,520.7113665060598,-251.61265516669562,-212.40188550854214,65.58633501215931,63.79757905616195,454.1248201225028,-2010.1786208714796,-2069.2940562286763,1745.6253552035469,3.775664484019163,9.671961481952685,-2.701798834758793,-22.977736833167647,0.0,-7.011883676377911e-09
36,0.7357109221446002,0.45665383194209913,-0.10199668896748892,0.3184725468014238,2.012055665052617,4.664749659023753,1.7966760646442528,1.842228509063992,2.548414225399952,3.575178789535722,2.234798670779902,8.176076286946227,-0.18590916569121096,4.755415087881199,5.313278401431763,17.107222799834705,6.3796601250052145,-11.950029793015633,-2.630182889959341,-37.0006656172379,-25.498259922049105,26.01977937942804,4.875008160734606,-15.563866329941469,179.0141246511191,22.179538672505124,-143.63538084353144,-108.58718309918109,234.9294915816614,558.4718494968961,-855.8457210287793,-1412.2925481296945,1117.1658207233604,1.1109286817371207,3.5614981832951815,-0.10717345944315321,-8.722390257084859,0.0,-6.982687272478197e-09
37,0.7479874796155467,0.45633562080645873,-0.09442767852101763,0.32646490126228705,2.037367682119206,4.674079132601752,1.779175414481281,1.8396149038526193,2.491014341081702,3.5337088565085137,2.27600792120947,8.184314418692706,-0.212139273715263,5.045971680488931,5.3281990499494345,16.87456004947186,6.219605561569559,-11.667018527325338,-1.7423912906230694,-38.26632196924287,-27.646428701207732,27.472641517983426,5.492049427973993,-17.486616407992617,193.70304060836642,9.94702945743708,-155.10741565734298,-106.70229617741593,188.6728578368317,591.8569276800646,-843.7650013318944,-1432.1025054997,968.5679863505628,0.9898898930878732,3.5362743835912482,-0.020756374496080875,-8.833365067569622,0.0,-6.9496002784118054e-09
38,0.760277552607476,0.455974284446635,-0.08639025125947675,0.3344118046201384,2.062297196065927,4.683198896138405,1.7620812513250728,1.8383594116612094,2.431712145938239,3.4888801219326213,2.3193225562327684,8.19332490790486,-0.2408892281615352,5.358247507618662,5.2978986589708725,16.61956016825665,6.0797999969680205,-11.396029369355544,-0.8369889625808631,-39.53452130686625,-29.88561482358281,28.876222154762793,6.0069509548734175,-19.166502755553974,208.1824342490723,-20.200119908721646,-169.9987363496812,-93.20306034518333,180.658179916759,603.5973464840056,-845.4603343659263,-1492.780347353383,935.7139049645383,0.8629454475020063,3.513740741683322,0.06598632136123053,-8.939779866245148,0.0,1.2791036424025903e-08
39,0.772582327845147,0.45556552037902964,-0.07784537504664282,0.34223311374495613,2.08680659235537,4.692147021872398,1.745371618491061,1.8384529721722254,2.3705324253283075,3.4405909346326227,2.364596355455102,8.20312637308832,-0.2725074809232221,5.69654447662546,5.214169776742022,16.339483753825185,5.965375618850172,-11.139677656659662,0.06237323970322618,-40.78619641072692,-32.192567375216356,30.18232265418637,6.534264623965466,-21.07868840271935,225.52974229870983,-55.81886615026736,-186.7163095079536,-76.28238758795919,170.8999518141501,599.5706266888089,-834.4442589721693,-1537.9576588958712,870.7276033717443,0.7292604020047302,3.493372668903381,0.14978597902263285,-9.038637822166693,0.0,7.779016702424049e-08
40,0.8093640008979059,0.455942662734782,-0.0536150102884376,0.38381910226158317,2.163554118407084,4.7065668817802555,1.7042273136822244,1.7655171307866615,2.184716368113723,3.389778740378165,2.4830517853630645,8.173706118391248,0.08380942259740538,5.384526157657697,9.241331907065241,17.055007866566783,3.2044137031539424,-9.143179960045826,-16.207966726474908,-41.29246218821104,-11.291600098527631,26.323432074625366,-6.537835173434335,79.18154375999273,-69.337412660343,894.9250268513109,159.00537775384797,-613.5471671068742,443.66620884153895,-3615.631543978411,-112.50351981048978,4644.659960538461,-857.5313443496079,1.0675103392883003,9.55826404861875,1.72784759547116,-26.410326737086976,0.0,887.1005292600112
41,0.8461492002291007,0.45767211163474714,-0.019303333711273733,0.42707902307978163,2.2289285932092233,4.712388201561038,1.674579662291032,1.614427807680056,2.0061349617287796,3.4509985099174654,2.58111887158494,8.17448970277608,0.38432202302227947,7.624817914936657,9.613316869303661,14.527662777711088,1.2936267702706539,-6.588367751572134,-33.575409088159546,-39.68476164713992,13.604394832813956,21.792688393077604,0.17412988379881444,66.78058573531763,497.842671347466,82.66333467511946,-561.6323080976923,-424.6193684155915,567.7361131759438,-3859.432090361255,357.26682897130553,5532.4439694971115,-1006.8320477829283,0.20297424825270094,9.358886587283342,0.9562621639932252,-29.300741095055834,0.0,887.1005325229859
42,0.8830646168779116,0.46063922670174035,0.03456037057032501,0.459265904537431,2.270807052866323,4.712386178330434,1.658597425738444,1.3964675208773363,1.8251227904153984,3.5875140274212143,2.6555229919828793,8.203426816425054,0.6593589756699918,11.969713367704541,7.152641103815894,9.30632538296682,-0.0004496068497499784,-3.5516085100497863,-48.4356245707094,-40.22493134448594,30.33678497529481,16.534250780144824,6.430470400923129,61.11932947479652,965.5324281148895,-546.816896397667,-1160.297325345984,-287.57255960467717,674.8354605861775,-3302.270467298938,-120.03772360974243,3718.309325980061,-1168.5418191757094,0.044610975711258,9.751155839760445,4.500856797411558,-36.62147236950435,0.0,887.1005228877948
43,0.9196577918100411,0.46318431479843486,0.06814975909745744,0.5120904592317848,2.3360505576653585,4.709926175580504,1.6357271587086863,1.263537993311439,1.6449927686032106,3.631564857084467,2.7752901036763684,8.131836416236947,0.5655765072480935,7.464326703836835,11.738818463600555,14.498591861235179,-0.5466686064553423,-5.082293914823866,-29.5399668123476,-40.02899102760804,9.789097051170868,26.61497839810297,-15.909016486882717,-20.84059919185054,-1001.1994698579614,1019.1530014760607,1153.839799610192,-121.38229493536832,-340.15313892360024,4199.045263309017,43.5423984705311,-4566.163970214966,2240.16713766758,-8.340781101696045,1.3405007995096938,29.045163611961318,1.5935795930184378,0.0,9.689433870741345e-07
44,0.9318484198878485,0.4639683726109159,0.07848121895828203,0.5309953536108577,2.3583380806743124,4.708301284175697,1.6285507640606343,1.2191692372993954,1.5859121354047878,3.648530836041937,2.8164913614668463,8.127052849753106,0.5227031157562074,6.88761233368104,12.603212464288394,14.85828918967675,-1.0832565998814396,-4.784243945689689,-29.579052259343182,-39.386931119206274,11.310607357972868,27.467395232005277,-3.1890315557449855,-28.582146570202294,-384.4747075830102,576.2603601522655,239.79725896825428,-357.72389685611853,198.6991839600456,-26.05686034894255,428.0382253469088,1014.3361437902206,568.2756142609893,-2.068126109798706,-0.9479645907050533,2.628479047331112,7.077549352429665,0.0,3.881002761558113e-07
45,0.944028306022477,0.46468961645077955,0.08803000670352996,0.5511230032783156,2.3810415868057007,4.705889888614203,1.6218318686892708,1.1752644645317039,1.5284384605157935,3.666634656081542,2.857262476117911,8.119890920733724,0.4808272624400479,6.36583249298308,13.41837829877927,15.135608926667894,-1.607590474135041,-4.479245283597936,-29.26972894760388,-38.31562674346649,12.069164058295211,27.1806320702906,-4.774599842446907,-27.91712150519476,-347.85180618886614,543.4416697506088,184.87906944651732,-349.5544882706588,203.33161080329788,206.21469879117822,714.1999997175748,505.7024011330796,-191.17466021195642,-2.111340978938538,-1.0999452323649022,2.8039865488276754,7.037508933799286,0.0,8.004122331028524e-08
46,0.9802172032484971,0.46637872768725225,0.09933356053543568,0.629314436044151,2.4630185934174453,4.692210560861729,1.6014463719486003,1.062513774997096,1.4246984048061277,3.7295943990397276,2.9093923333992433,8.041988659187437,0.37535858920987347,2.5119044428726145,17.375898790757866,18.217138625925628,-3.03985495782381,-4.530116863646763,-25.055744608347048,-23.0533786733007,13.991073994126351,11.584429291758305,-17.31163842787229,-23.43751644929264,-856.4296800408792,879.4502555913839,684.7853566690543,-318.28145143091814,-11.304811729202312,936.4423031362929,3391.615531343911,427.0917074759794,-3465.827794861979,-7.8632809698605195,-4.324195870530267,11.258600242824901,22.126716600091726,0.0,5.7383573577096146e-08
47,0.9922652718202326,0.46689712120317894,0.10252362254269995,0.6563295774483632,2.4904678036763146,4.686770316908411,1.595308662553086,1.0258990749018433,1.3925334049488254,3.7500484160932976,2.924207006080243,8.032009564077674,0.34559412183683585,2.126698433013368,18.010013210132893,18.299391144140547,-3.6268129786777226,-4.091787847385954,-24.409690200538396,-21.443236726631227,13.635949996458162,9.876404002349274,-6.652700130749746,-19.842888939955536,-256.80285075635044,422.7410435800773,54.83476534334858,-391.30358605948936,292.218028961004,430.7010000430431,1073.4231331909598,-236.7482662238458,-1138.6784013168763,-2.237073760100596,-1.576815674673504,3.2311857087532885,7.0875128034447705,0.0,4.2014046737803764e-08
48,1.004298699152969,0.46737210546241786,0.10516549718959847,0.6842727860962312,2.5179467251690695,4.68049006851508,1.5898073492408988,0.9901742743974921,1.3626640351369101,3.7701489059894437,2.936535492904867,8.022249447439858,0.3166547738944403,1.7612419837057047,18.628723466440846,18.31920006379184,-4.186813765528228,-3.667526005564946,-23.816428452288797,-19.91282523617703,13.400267397132502,8.218954906351097,-6.506715679552682,-19.292813395613162,-243.63655652334182,412.471681969529,13.205888092635305,-373.33220857667357,282.8399783376155,395.5060848819962,1020.2698195760004,-157.12103874744915,-1104.9611824520455,-2.2983450728812858,-1.7006038906842178,3.403417597768655,6.7386296307690685,0.0,3.118913558822396e-08
49,1.0163178347588773,0.4678055112511655,0.10729943636854371,0.7130788796258323,2.545377909434271,4.673369003919517,1.5849680101674437,0.9553461014475536,1.3349710534953432,3.789807686116122,2.946481870371554,8.012722282085763,0.28893593803668605,1.4226199427640496,19.203978975910907,18.287376779219734,-4.74735578563466,-3.2262120418526017,-23.21868115899533,-18.46190760571003,13.105796516866619,6.63088952205353,-6.351415993706093,-18.479143675001772,-225.7470471774043,383.50200794452934,-21.215430937873766,-373.6930576225759,294.20803179017935,398.49646539262335,967.2742207350792,-196.31306785256842,-1058.7056596578589,-2.3621706756079695,-1.8176409745967195,3.5672944939625144,6.363586295743992,0.0,2.320613788384418e-08
50,1.0283231670800026,0.4681990003475083,0.10896513460370914,0.7426810694579943,2.572686052139247,4.665409717386751,1.580812584543453,0.9214120262175511,1.3093109712121518,3.8089597221601106,2.9541979739513593,8.00352072685649,0.26232494479391266,1.1104607513759661,19.73470900635949,18.20535078122263,-5.306168378520453,-2.7702719275831877,-22.622620281166537,-17.10664852192259,12.767969543820273,5.1440471017097975,-6.134343975402586,-17.740586456403292,-208.10523953235483,353.8185104285641,-54.68376530949268,-372.54013882813274,303.9587790784743,397.37222282272364,903.5022002903331,-225.21702094908727,-991.2240503205985,-2.4281142547641883,-1.927659845442885,3.7258814391489063,5.965177687208176,0.0,1.7037691763632555e-08
51,1.0403152967500364,0.468554063742872,0.11020147797513805,0.773011582710831,2.5997986230126937,4.656618104950029,1.577359202667335,0.8883618006289044,1.2855201617855931,3.8275601431197694,2.9598761008760306,7.994719553505285,0.23670793660126732,0.8242254543918129,20.22025728893076,18.074971374715556,-5.861050354578718,-2.302244919825277,-22.033391235050647,-15.860473039372108,12.400228586687199,3.7854020596013767,-5.86742427081085,-17.077933772831557,-190.82273029625583,323.6974962456753,-86.91923947263163,-369.9197645407157,312.0166954032086,392.8177151258801,830.7801676244795,-245.15960896945725,-905.75955925154,-2.496198702956359,-2.0308360741663556,3.880884896508583,5.5472017158421245,0.0,1.1980131497039598e-08
52,1.0522949125817742,0.46887203187358345,0.11104640572366563,0.8040021942954338,2.6266462596776314,4.647003168468771,1.5746221698141238,0.8561794655716942,1.2634189143563364,3.845580122688196,2.9637414986811796,7.986377530999093,0.211977877283872,0.563282836523103,20.66032229309715,17.898350434012535,-6.4099311492489335,-1.8246810237923057,-21.45480132301563,-14.734104027646616,12.013270037681227,2.5769212145876668,-5.561325341504882,-16.486638039716684,-173.96102592084833,293.37545634329786,-117.74680692159711,-365.91901671317913,318.37461421672566,385.72501305902756,750.9095694893555,-257.97129929841793,-805.6505653287061,-2.5664679084882804,-2.127425254814608,4.034038038885648,5.1132913606815915,0.0,7.057299277989746e-09
53,1.0642627713934603,0.46915409272287245,0.11153683849786304,0.8355846896409161,2.6531630010174614,4.636576759907341,1.5726120517296935,0.8248455237283924,1.2428152718979277,3.86300234009597,2.966045101155677,7.978539984343336,0.1880397988880801,0.32695384864882254,21.0549109815048,17.677755425033702,-6.950910677459079,-1.3400732547261855,-20.889209322870705,-13.735705589792877,11.614764210629907,1.5357287163900342,-5.225009782957206,-15.958653810544364,-157.55201568497546,263.0580521852354,-147.06273922329225,-360.6515471523808,323.0705277406877,377.05979482099445,665.5962425746342,-265.6694672916865,-694.1254997223505,-2.638960178854029,-2.2177063870101845,4.186947017845215,4.6668647419263065,0.0,-6.945396920961248e-09
54,1.0762196818219563,0.46940131374382765,0.11170863551068377,0.867691276074282,2.6792864303394,4.625353296268934,1.5713358139036733,0.7943390266191308,1.2235085832958867,3.879816598636031,2.967056777915005,7.971241451635825,0.1648133488779627,0.11453087969950214,21.40430458007273,17.415549268784492,-7.482278898082052,-0.8508217839176694,-20.33758266868146,-12.871073794417764,11.209460458416618,0.6744484511982531,-4.865668836623767,-15.484237521237784,-141.61474115695796,232.9281257475495,-174.80339875981966,-354.2440508893773,326.1663309853228,367.74961876616175,576.41887082058,-270.20141109750875,-574.1845263815592,-2.7136875902849447,-2.301938605379738,4.340972595615131,4.211122910072517,0.0,-6.969299538611097e-09
55,1.0881664915812088,0.46961466408192293,0.11159655170791848,0.9002549608642312,2.704957788449932,4.6133494692517685,1.5707969763663767,0.7646393835458901,1.2052927757864365,3.8960160283222405,2.9670591867554013,7.964507977625897,0.14223298972962736,-0.07472223625185515,21.709036346676854,17.11417027541377,-8.00251933083761,-0.35922358779675917,-19.79968284053999,-12.143823091813484,10.799576587288296,0.0016058871728145945,-4.488964715260362,-15.053512544241565,-126.16823923372296,203.1536983565738,-200.9185251427471,-346.82556770071466,327.7308196658245,358.59845086077394,484.831862174747,-273.25482093438586,-448.5599148941477,-2.790610449017345,-2.3803267032087247,4.497100514395212,3.749147166776543,0.0,-6.9851573243506205e-09
56,1.1001039388724914,0.4697950150586833,0.11123007256993749,0.9332156564726289,2.7301277580846977,4.600582516141372,1.570994790789721,0.7357255558097618,1.1879941112753336,3.9116030731200633,2.966292230439547,7.958266695770574,0.12023350862881405,-0.24431845832053628,21.97371010142987,16.779913342460624,-8.511268386427279,0.13187576027195785,-19.275808864740515,-11.532397362755368,10.391322070220422,-0.5113021868608213,-4.160838101828365,-14.666262685548249,-113.06370054536853,176.44847146120375,-222.83707332421292,-339.16469466304017,327.39826955332205,349.24793489395785,407.6155393836843,-272.1686008156676,-341.9373626516049,-2.865898207591059,-2.4490315753078113,4.632351651099025,3.367108345847224,0.0,-7.000488087753129e-09
57,1.1120320299780588,0.4699432924945616,0.11062129467234055,0.9665501072062226,2.754757372655644,4.587044729268392,1.5719420535968809,0.7075605038664062,1.171612796912802,3.9266279721215773,2.9647413689113447,7.952029141280421,0.09885123115371755,-0.40585031916790104,22.222878857656532,16.419677807059823,-9.025155389040998,0.6315060289463335,-18.77662669047729,-10.920832849987798,10.016559535588062,-1.0339035774635865,-4.158353137734729,-14.25479501154632,-107.68747935736059,166.11184413960544,-240.15606938941525,-342.58997386448897,333.08552233559,332.78679391509286,407.7080552336522,-249.84069706389832,-348.3995427740489,-2.86111391146661,-2.594227964003567,4.635592249488128,3.4109393446197114,0.0,-7.015545096639008e-09
58,1.1239507777021878,0.4700603895621012,0.10978229621412204,1.0002350817929497,2.778808967390061,4.572729056955174,1.5736497960720475,0.6801091297880952,1.156146719188621,3.941137803033333,2.9623960119522565,7.945800110453954,0.07806440019756865,-0.5593300736189984,22.45656011746941,16.034332508811346,-9.543743460339144,1.1384904405967744,-18.300843027491407,-10.310677340732848,9.673182009540524,-1.5635650670623364,-4.1526706475014095,-13.857832008053977,-102.31942802188081,155.78688491520185,-256.89584042348935,-345.72400134444695,337.98825911342846,317.1878430023293,406.76871639938594,-228.91743726334508,-353.10625075458603,-2.860267572009776,-2.737093486993013,4.640833598483586,3.4541400659808374,0.0,-7.030325742989762e-09
59,1.1358602038228727,0.47014716585708805,0.10872506086790287,1.0342475798540103,2.8022464536908753,4.557629027683617,1.576127189366928,0.6533381060865877,1.1415913078824782,3.9551769392819995,2.959249904099629,7.939585586765325,0.05785063142159378,-0.7048207387660076,22.674907811590195,15.624928232331293,-10.066645827372577,1.651588909277414,-17.8472775908379,-9.703568639211943,9.35938664726671,-2.097396827353743,-4.142999184582507,-13.475791830908548,-96.99338795206738,145.5645458964463,-272.93509021861644,-348.6001806059562,342.0642745709246,302.37574565028166,404.7375118959891,-209.19606958858694,-355.88641356997664,-2.8633032687923046,-2.8771173935341765,4.648052072632544,3.496408257355118,0.0,-7.044799992231938e-09
60,1.1477603404102603,0.47020444720389326,0.1074614146657069,1.0685650481165856,2.8250355302372077,4.541738621529849,1.579381509065368,0.6272157412993373,1.1279394855133955,3.9687874062009745,2.955301332169179,7.9333924322370954,0.03818741070036557,-0.8424274077788101,22.878220011054573,15.192656494544822,-10.593561426772363,2.169537725730514,-17.41483970318048,-9.101178248988683,9.073608059982297,-2.632370682566888,-4.12875305296963,-13.108761006031845,-91.73740978137599,135.54092028839955,-288.17999760269987,-351.2756511665884,345.2978199502528,288.2907637371176,401.5919756849339,-190.51829069428206,-356.64780006734134,-2.8700019733894058,-3.0140371931407812,4.657174699484069,3.537588831071409,0.0,-7.058937615766254e-09
61,1.1596512309909908,0.47023302581486054,0.10600297218726927,1.1031655836598164,2.847143868344986,4.525052132231705,1.5834181137486438,0.6017118897230573,1.1151816610440572,3.9820091332609544,2.9505532295055596,7.92722828504043,0.019052330157222203,-0.9722910482340902,23.06693028361876,14.738832385459302,-11.124281149860632,2.6910588911351465,-17.002498864180307,-8.505181870297461,8.8144490116499,-3.165388957183178,-4.109414822952504,-12.756668702674748,-86.57540970763738,125.80633891062334,-302.54818085753834,-353.81171592916564,347.67936897363325,274.89277946065124,397.3293101022324,-172.7719992305689,-355.3440774090593,-2.8801321618715754,-3.1476289722213426,4.6681365999918665,3.5775647920109948,0.0,-7.072711457309073e-09
62,1.1715329316433694,0.47023366077822326,0.1043610917454967,1.1380281211005698,2.8685412732538245,4.507564024413826,1.5882404326689923,0.5767978997472175,1.1033057599306668,3.9948801146594985,2.945013193152709,7.921101513429413,0.0004233071848051619,-1.0945825040282764,23.241596987099552,14.2648785191312,-11.658691070919518,3.214866189257693,-16.609259017452477,-7.917235169847703,8.580619325308874,-3.693342529230816,-4.084497775219423,-12.41929807674325,-81.52730521593283,116.44399482581233,-315.9679575933181,-356.2718299626429,349.20344345430703,262.1588303045674,391.96287088886555,-155.88582279169418,-351.9676148152945,-2.893463815082933,-3.277692269695021,4.6808867796860705,3.6162386043879846,0.0,-7.086098108985895e-09
63,1.1834055120720492,0.4702070788503297,0.10254683906250008,1.1731326028812477,2.8891998217862556,4.489268787659193,1.5938499598677578,0.5524465943373663,1.09229728842228,4.007436491994539,2.938693420709611,7.915021202099329,-0.017721212682756483,-1.2094968350094824,23.402892004132934,13.772309281965539,-12.196774549578363,3.7396694828639125,-16.234137117502755,-7.338950947942968,8.370883939293021,-4.213164373157639,-4.053524284975185,-12.096297036383369,-76.60924022415261,107.52957095394834,-328.3781465274617,-358.720849917013,349.86742947562175,250.0802423963022,385.52123564973346,-139.823018013494,-346.5464766240943,-2.909772433899001,-3.4040478497643543,4.695388223327501,3.653527824080981,0.0,-7.099078017320273e-09
64,1.1952690566958593,0.47015397551161153,0.10057095880200313,1.2084601325304358,2.9090939772130593,4.470160788533474,1.6002462520917973,0.5286322771170904,1.0821394313582549,4.019712572965182,2.931610571418536,7.908997160959742,-0.0354020799412771,-1.3172480794064592,23.551589390778318,13.26271563681718,-12.738613595604782,4.264177245902101,-15.876146064081484,-6.771876806496063,8.184020258976517,-4.721880071339697,-4.016010878812655,-11.78719627102777,-71.83386694691562,99.13118263660795,-339.7276969509227,-361.2245422939868,349.67040124287087,238.65971890688547,378.0478699221067,-124.57527357747465,-339.14240138504164,-2.9288410352352474,-3.5265376350721236,4.711616690503362,3.6893643444287525,0.0,-7.111635453548561e-09
65,1.2071236657718807,0.4700750162294504,0.09844385324587811,1.243993111184149,2.928200682756179,4.450234121421292,1.607426927554586,0.5053307574913093,1.072813182756607,4.031740800097067,2.923785555908788,7.9030399493048975,-0.052639303184588836,-1.4180644910887672,23.688554216951108,12.737750881411596,-13.284389660947635,4.787097126652829,-15.534282008046233,-6.217473288516848,8.01878483997257,-5.216655376899439,-3.9714579698734593,-11.491434515755458,-67.21066244879141,91.30950552242787,-349.9750525168586,-363.8492016159046,348.6118083993172,227.90842572303157,369.6008128591469,-110.15648926540693,-329.8488360681172,-2.9504614705162835,-3.645025041203419,4.729559078689124,3.7236947831986065,0.0,-7.123758418249228e-09
66,1.2189694565700766,0.46997083785776717,0.09617556735817581,1.2797153579759222,2.9464994357692555,4.42948245884079,1.6153876622277061,0.48251938830903374,1.0642975079324284,4.043551683406693,2.9152432598494173,7.897160909518881,-0.06945195795618726,-1.512184281247303,23.814731812344736,12.1991177667781,-13.83438398753545,5.307134301340979,-15.207515991782094,-5.6770928581583675,7.8738893475875145,-5.694840274224107,-3.9193435013815465,-11.20838974023783,-62.74626492351243,84.11804589284078,-359.0872445682451,-366.6613542633147,346.6900030067514,217.84310175335648,360.2521168570604,-96.59659181242752,-318.7886012008395,-2.9744354066038228,-3.759395274091302,4.749211587510283,3.7564812109911485,0.0,-7.135438481380689e-09
67,1.2308065646053972,0.46984205009372226,0.09377577946839882,1.3156122151594554,2.9639723452000686,4.407898901711182,1.6241221799863756,0.4601771097301633,1.0565695349862603,4.055173710590188,2.906012208117366,7.891372205391837,-0.08585814867497596,-1.5998518722406292,23.931137588150236,11.648557351864406,-14.388977638613843,5.822987376865657,-14.894789813215171,-5.151960320835166,7.747985573205891,-6.1540086351735495,-3.8591198726142584,-10.937414531344253,-58.44481513677929,77.60352452622692,-367.0387346871304,-369.7275475012848,343.90060563057955,208.4832432108994,350.0868875078219,-83.9354969764928,-306.1109546672843,-3.000575082612503,-3.869555458594831,4.770577769830847,3.7877018818961536,0.0,-7.146670564336276e-09
68,1.2426351449285542,0.46968923690679354,0.0912537968284769,1.3516706390151543,2.9806041754388337,4.385475829853928,1.6336222325715188,0.43828449328716773,1.0496047724134252,4.066633247643099,2.896124177686194,7.885686861232127,-0.10187502705012254,-1.681314648466595,24.038847559664855,11.087839927443506,-14.948651342971294,6.333341601867244,-14.595015895909869,-4.643155409333955,7.639659055029032,-6.591992405200592,-3.790213408285049,-10.677873752404405,-54.30828777541197,71.80634395606192,-373.8100351707855,-373.11422473823285,340.23471090528756,199.8484329016715,339.2018396071212,-72.21737332568452,-291.9879449923142,-3.02870389326902,-3.975434563318888,4.7936665210711675,3.817351785975157,0.0,-7.157452678784382e-09
69,1.2544553734729713,0.4695129578547743,0.08861855535476724,1.3878792777022335,2.996382380088423,4.362204752823701,1.6438775649541728,0.41682378064694847,1.0433773484436364,4.0779544417279245,2.885613769046231,7.88011879931199,-0.11751886746704049,-1.756820166350717,24.138989643336277,10.518758297389404,-15.51398527507665,6.836859135004966,-14.307080822282554,-4.151598297039398,7.547430576596295,-7.006909248920213,-3.7120254695350114,-10.429182523803135,-50.33679752423176,66.76110476004044,-379.38613745760284,-376.88768280005553,335.67692568312185,191.9558981576203,327.70334574938926,-61.48539040499605,-276.6100509867479,-3.0586568308735003,-4.076983125782471,4.818490055308189,3.8454429127564707,0.0,-7.167785638566013e-09
70,1.2662674484540533,0.4693137492046746,0.08587862295443341,1.4242285372417334,3.0112971295674296,4.338076161009142,1.654875861269283,0.3957789122827528,1.0378602666560592,4.0891591365985445,2.8745179473615297,7.874682874743083,-0.13280519705072732,-1.8266137647634506,24.232735744035086,9.943123667223354,-16.085658875183523,7.332166091280094,-14.029852060215433,-3.678038747702712,7.469764538043285,-7.397182725445136,-3.6239341673432643,-10.190842674392654,-46.528866017839945,62.49713237760128,-383.7547739527134,-381.11409857406073,330.2032210739958,184.8183819127935,315.7050119733513,-51.77713693165961,-260.18120160762084,-3.090280812873321,-4.174172800962896,4.845061920741656,3.8720041566962475,0.0,-7.177672758712775e-09
71,1.2780715918180865,0.4690921247835566,0.08304220594896963,1.4607106367450036,3.025341336796548,4.313079376839927,1.666602665991426,0.37513554213558387,1.0330256715456219,4.100266809015109,2.862875565566566,7.8693949085545825,-0.14774897570889953,-1.8909365002584633,24.321294585354824,9.36276436630378,-16.66445077842903,7.817836036728231,-13.762187303359864,-3.223049481330638,7.40508294969907,-7.761554328448186,-3.52529556081109,-9.962476061202745,-42.88163838733665,59.03897246050817,-386.9045289389196,-385.85960167095845,323.77856470235633,178.44240025216,303.32486702465644,-43.12087258649442,-242.91335246154907,-3.123434921084859,-4.2669957662701155,4.873395110523093,3.8970808286403136,0.0,-7.1871195524015685e-09
72,1.2898680507417604,0.4688485764941435,0.0801171582386388,1.4973196538291815,3.0385106855546056,4.2872024059155605,1.6790412744155885,0.3548810353309176,1.028845117134897,4.111294532437373,2.850726882069593,7.864271721434147,-0.16236481961470284,-1.9500233197977628,24.405905167593783,8.779527627553493,-17.251238866985183,8.292369525215888,-13.502945767552779,-2.7870241438471353,7.351783617664314,-8.09908708164634,-3.4154432152518264,-9.743853529013673,-39.39104158450934,56.40680932653054,-388.8228002261262,-391.1903564590547,316.35428212254715,172.8269383431103,290.68229318534856,-35.5327333740013,-225.02085610682187,-3.1579905784923175,-4.355464021403883,4.9035003237355,3.920733768001205,0.0,-7.196133433618876e-09
73,1.3016570991894005,0.4685835744415689,0.07711099299134512,1.534051560875782,3.050803666461594,4.26043178797082,1.6921725857384626,0.33500444705561816,1.0252898314907568,4.12225697200148,2.838113085587512,7.8593311721916015,-0.1766672604446959,-2.0041013777955645,24.487830663142358,8.195284672088198,-17.847000378902,8.754169165559349,-13.251000750628807,-2.370180037272636,7.308260999359962,-8.409160784400926,-3.293685053729047,-9.534918747075949,-36.051880594212484,54.61675756290939,-389.4935958924567,-397.17259985788667,307.8650770482455,167.96260817685388,277.894852607982,-29.014951652289966,-206.71489548622566,-3.1938316889111955,-4.4396086240528625,4.935384425323575,3.943038078747905,0.0,-7.204723430870096e-09
74,1.3134390395432427,0.46829756662973243,0.07403089677913005,1.5709042523740482,3.0622216259963664,4.23275244786338,1.7059749110632538,0.3154964817206664,1.0223309701343666,4.133166412513541,2.8250758388871127,7.854592206441805,-0.19067103230575233,-2.053388404369744,24.56835247296845,7.611939398933353,-18.452811893284757,9.201509570664651,-13.005252775149248,-1.9725655241723452,7.272928214640864,-8.69145940745009,-3.159296544291887,-9.335806668277105,-32.857872572915994,53.68096942557946,-388.8951309019756,-403.8725588940695,298.225619383722,163.83125996059886,265.0751711493124,-23.5550857627634,-188.198250703937,-3.2308547633114317,-4.519478903281097,4.969049143108075,3.9640815379557726,0.0,-7.212899915474898e-09
75,1.3252142043321813,0.46799097819729757,0.07088374621730872,1.6078775630185504,3.0727688345327224,4.204147547280158,1.7204237274252066,0.2963494324697476,1.0199398518047538,4.144032819077275,2.811656851913948,7.8500749222426345,-0.2043913786384444,-2.098091036915569,24.648764062762723,7.031441063881114,-19.06984885107867,9.632501371497005,-12.764642691096798,-1.5940717919330056,7.244238801735768,-8.94595150115391,-3.011509396612764,-9.14685684670237,-29.801622397324394,53.60748794740386,-386.99716768957603,-411.35614110684344,287.3265884639288,160.4060088087416,252.32803183096107,-19.12619014824569,-169.66064072157187,-3.268969054312635,-4.5951416926676965,5.004490025284734,3.9839627461266787,0.0,-7.220674346738818e-09
76,1.3369829580961032,0.467664210173467,0.06767612727893446,1.6449732754535553,3.082452580127098,4.174598338709333,1.7354913674063734,0.27755710188537197,1.0180881707932055,4.154863928135669,2.7978974930718796,7.845800660472893,-0.21784437236258897,-2.138403036555271,24.73036406076364,6.455801447143293,-19.699384044565175,10.045048276769371,-12.52816421078587,-1.2344484721845255,7.220706993166223,-9.172864761749441,-2.8494950687875247,-8.9686222656643,-26.874545915620708,54.39975472788097,-383.75802364403154,-419.68824702483624,275.0300368917998,157.65161326587173,239.74780475513907,-15.687802032449829,-151.27482871705223,-3.3080967168168876,-4.666680625666385,5.0416956660014876,4.0027891027276405,0.0,-7.228059035450337e-09
77,1.3487456994359581,0.4673176377416682,0.0644143575563034,1.6821951154993469,3.0912832957607015,4.144084024557947,1.7511466320294924,0.25911470535490294,1.016748181027183,4.165665365235205,2.7838384454266634,7.841792128641246,-0.2310472439341475,-2.174503323447603,24.81444791238067,5.887117156205116,-20.342784186920607,10.436795925913552,-12.294875468858924,-0.8933224744177685,7.200925530697746,-9.372656082039482,-2.672342480090974,-8.80187461187409,-24.06674918837232,56.05564780398334,-379.1211476572351,-428.9314902126216,261.1639194227563,155.52512524822347,227.41630431833408,-13.187582060715922,-133.19361172322039,-3.3481730085585175,-4.734195537033028,5.080647189447262,4.020674697396846,0.0,-7.2350669265911615e-09
78,1.360502863313995,0.46695160800493946,0.06110451181820983,1.7195487312425686,3.0992747289730413,4.11258162632092,1.7673543123516315,0.241018758972448,1.0158928481557494,4.176440784761431,2.7695194125125657,7.8380735676514925,-0.2440187135425366,-2.206553779625165,24.902297122870234,5.327597886621613,-21.00150321120547,10.805071022546072,-12.063909331647379,-0.5702193182534858,7.18358031282032,-9.545978482785483,-2.4790293735657696,-8.647607035659018,-21.366873508142206,58.56587369370749,-373.0111481823045,-439.14401690030587,245.5156133301757,153.97672379834424,215.40112345349525,-11.563425940177542,-115.54774111015877,-3.389146538643209,-4.797802017454837,5.121317967848363,4.037738206854503,0.0,-7.241711401757514e-09
79,1.372254923684147,0.4665664372504081,0.05775245126331639,1.7570416503503221,3.106444164361156,4.080065871736996,1.7840746024968783,0.22326695407638134,1.0154959669834065,4.187192026248938,2.7549788763809517,7.834670971881989,-0.25677932504573875,-2.2346967849242323,24.995164739852047,4.779601665654174,-21.677070279057453,11.146808960845664,-11.834482306690747,-0.2645862344392784,7.167461444274972,-9.693646284807127,-2.2683867734447483,-8.507035309444031,-18.761917462416296,61.91146063571918,-365.32913803088945,-450.3759791348717,227.8242470560062,152.95064830999632,203.7544544859212,-10.745863066918838,-98.44474973247743,-3.4309795647318277,-4.85763117413155,5.163673535569041,4.054100880919406,0.0,-7.248006101492575e-09
80,1.3840023965493602,0.4661624077127538,0.05436385689108522,1.7946832071213972,3.112812711285789,4.0465091123591055,1.801262383790568,0.2058580205869933,1.0155322426395377,4.197919281601132,2.7402539086796835,7.8316123737990315,-0.2693517799766781,-2.2590524719522524,25.094255178095615,4.24567832335816,-22.371069504378383,11.45846789367066,-11.605902009262808,0.024183658960901768,7.151470509195901,-9.816599755214718,-2.0390559627422453,-8.381597875211616,-16.237049626720765,66.05998678843712,-355.9472494350622,-462.6640114679487,207.77166142217624,152.38616052005204,192.51237234438804,-10.660574105662796,-81.96860135740883,-3.4736483291043405,-4.913829659167321,5.20767165145559,4.069884688928487,0.0,-7.253964767472162e-09
81,1.395745843560736,0.4657397638397802,0.05094426739199428,1.8324844267469822,3.1184056713219768,4.0118812905977865,1.8188663562811227,0.18879158126819973,1.0159773348050938,4.208621267599523,2.7253800339931007,7.828928205143493,-0.2817612694678777,-2.279715713240922,25.200695692575394,3.728622655267748,-23.085106971339854,11.735926991484545,-11.377573212945345,0.2967267281432769,7.1346240973953625,-9.915870267116611,-1.7894374347119144,-8.272954456640598,-13.775430023045642,70.96001243702143,-344.7021730179445,-476.02276054115225,184.97187023065578,152.21848847315746,181.6945330763058,-11.230888884067829,-66.18003298477208,-3.5171434084499706,-4.966560040490293,5.253262454607075,4.085210682476115,0.0,-7.259601104240342e-09
82,1.4074858762921674,0.46529870807027474,0.04749912187864179,1.8704578484850547,3.1232530024615826,3.9761499850576527,1.8368279905042255,0.17206799897014005,1.0168078651296348,4.219295398350644,2.7103911434663366,7.826651747232921,-0.29403579938792707,-2.2967528939984705,25.315495654368565,3.231538923365919,-23.82075853910374,11.974366604535534,-11.149002528985573,0.5536842838858841,7.116053762762452,-9.992546776833095,-1.517631482881309,-8.182981533604604,-11.358067187239516,76.53294859606834,-331.38759897956055,-490.43207629045963,158.95899583812547,152.37974066209063,171.30423301403934,-12.380164972814804,-51.11743318547462,-3.5614700287918106,-5.016001607755612,5.300388654159188,4.100197612715393,0.0,-7.264928659948043e-09
83,1.4192231613422575,0.46483939615024933,0.0440338076030609,1.9086172612022683,3.1273898996542955,3.9392805773176858,1.8550802693777326,0.1556882189252482,1.0180013886875536,4.229937952711103,2.6953194559064633,7.824819682452381,-0.30620649808377115,-2.310198587981012,25.439488129172275,2.7579184146653333,-24.579488879486995,12.16812835076647,-10.919801703932176,0.795678607754584,7.095002675311921,-10.047744172777415,-1.2213707423072564,-8.113760746034542,-8.963753582691977,82.66125881577545,-315.7455120735125,-505.8178340023481,129.17388639228244,152.79982717113828,161.32878603259604,-14.033991908434027,-36.79808987870926,-3.6066482605286554,-5.062351728600375,5.348985690708422,4.114960822031402,0.0,-7.269960725310508e-09
84,1.4309584264292543,0.46436193204643045,0.04055371247129754,1.9469773129557673,3.130857513587162,3.901236604260234,1.873546188627471,0.13965360842185273,1.0195363310278898,4.240544232140579,2.680195523078192,7.823472756224384,-0.3183078848760437,-2.320052359327406,25.573245904209433,2.3117315997357104,-25.362527778200416,12.310554137293641,-10.689689367902123,1.0232900145819093,7.070819239809599,-10.082573812503785,-0.8979465373178346,-8.067552729318498,-6.569149576348208,89.17142486162567,-297.4564583680592,-522.0234435041702,94.95007163611534,153.40749258378878,151.74021439810295,-16.12221346528966,-23.21964910790849,-3.6527129517591526,-5.105827899527417,5.398981803861525,4.129611410154758,0.0,-7.274710249773868e-09
85,1.4426924676471773,0.46386636257826563,0.037064281571120565,1.9855529395675626,3.133703830888375,3.861980390482846,1.8921369860114186,0.12396579688472163,1.0213918932348514,4.2511087047505836,2.665048275733359,7.822656551084521,-0.3303780577091771,-2.3262760871448442,25.716960817048058,1.89753574828025,-26.170683413605396,12.393805360363809,-10.458490763239382,1.2370355263504995,7.042947892937154,-10.09811636693181,-0.5441341449034337,-8.046743217640273,-4.149131938354303,95.80948145029987,-276.12924061243507,-538.7678343877222,55.50054865504525,154.13166238107993,142.49632303553855,-18.58080861913581,-10.361653155886378,-3.6997131701820147,-5.1466706694754425,5.450297934994181,4.1442556535350565,0.0,-7.279189773676726e-09
86,1.4544261580278877,0.46335267200181396,0.03357107590747359,2.0243585337114034,3.13598473773622,3.821474099004837,1.9107500781920477,0.10862652086877697,1.0235479287225915,4.26162513143668,2.6499051069176573,7.8224223572473495,-0.3424587252232633,-2.3287924936809787,25.870270764607202,1.5205971985345184,-27.00406349460659,12.408668005303456,-10.226134469030416,1.4373500284313536,7.010917158928168,-10.09539696890675,-0.15612846840056915,-8.053739325524818,-1.6775962301292,102.20613655756335,-251.29114909037486,-555.5840290813641,9.908381957552276,154.9034456930433,133.54235442705362,-21.35371922228715,1.812923233807411,-3.747710789359037,-5.185147651445693,5.5028473835311695,4.158994629051826,0.0,-7.2834113750121775e-09
87,1.4661604574777751,0.46282077697174157,0.03007982983787495,2.063406743916119,3.1377652824706153,3.7796813999644576,1.9292667052317651,0.09363748118167968,1.0259847977036203,4.272086669805505,2.6347919890925495,7.822828088936383,-0.3545949546784057,-2.32748601101253,26.03201298182905,1.187024024852695,-27.86166326858825,12.344357729855819,-9.992644315168883,1.6245713853870203,6.974324846117748,-10.075362669800805,0.2704864714844295,-8.09078011694815,0.8709841912673346,107.82761812526189,-222.38102955680554,-571.7303900092295,-42.873307548311544,155.6593422486411,124.8136283121381,-24.394756049560552,13.356134165267845,-3.796777655437745,-5.221558872754774,5.556535112574993,4.173923952571024,0.0,-7.287386629235382e-09
88,1.4778964239811034,0.4622705226275844,0.026596500943196797,2.102706750549709,3.13912113648304,3.7365700407616242,1.9475493261360939,0.07900022394172815,1.028683209121481,4.282485951066465,2.619733621271185,7.823939128730572,-0.36683442243841247,-2.3222078240919704,26.19987536371357,0.9038982224129049,-28.74076456030713,12.18835389727465,-9.758123425494949,1.7989320838319138,6.932820023406286,-10.03886243020396,0.7406895475435525,-8.159604979717354,3.5187739471485795,111.90770334047325,-188.74960519303673,-586.0646409008053,-104.0020427476171,156.34648963119002,116.2398930406725,-27.66974550848788,24.333373200138684,-3.84699048429963,-5.256243743055294,5.611256554375428,4.189133471860785,0.0,-7.291126580407628e-09
89,1.4896352256034038,0.46170168106224285,0.023127301761562573,2.1422618138131324,3.1401402183152167,3.6921157088845105,1.9654388903642688,0.06471606468555312,1.0316240663958132,4.292815124161624,2.6047536011537815,7.82582886082894,-0.3792258258144234,-2.3127879619348075,26.36991114073802,0.6793845121846878,-29.636073986622673,11.926316888986385,-9.522725518019685,1.9605617739825478,6.886081179106617,-9.986630453645837,1.2598151387571381,-8.260894534748541,6.279876899402609,113.3566214019256,-149.67506306759174,-596.8699849669408,-174.69047080341727,156.93115850931667,107.75259133306584,-31.159074700374582,34.82114467546373,-3.8984222564059663,-5.289589957768987,5.6668956625391695,4.20470661311651,0.0,-7.29464172179241e-09
90,1.5013781521574932,0.46111395421398677,0.019678696430273132,2.182065833311342,3.140924380512762,3.646307703118772,1.9827522534234099,0.05078608551362841,1.0347883439960788,4.3030658603694185,2.589874614289547,7.828578446049144,-0.3918159340628352,-2.299058692150381,26.535879933719333,0.522772176903987,-30.53851737404211,11.542184160746148,-9.286606213275425,2.10950782197727,6.833789870253993,-9.919274835609976,1.8330476215881544,-8.393363410130421,9.152800625915987,110.64530715282518,-104.40769996444827,-601.6259080723898,-256.08720133537315,157.41208048119128,99.29686740224228,-34.86069775824278,44.903520186986896,-3.9511284190620715,-5.322044898875402,5.723321661696045,4.220718741626648,0.0,-7.297941983726181e-09
91,1.5131266239325862,0.46050698436405096,0.016257336850625057,2.2220986181424376,3.141590942876003,3.599157041135698,1.9992802409584276,0.03721125005968849,1.0381570377570317,4.313229310894772,2.5751186267167756,7.832275058456587,-0.4046445280624019,-2.2808948954960417,26.688388767114063,0.44437267011930687,-31.433616295751722,11.018602845983736,-9.049844710351987,2.245784526582028,6.775599548729555,-9.837275489236646,2.464395856232656,-8.552352913753856,12.10913676485634,101.6720433822027,-52.2660745448387,-596.7296082048948,-349.0524513478728,157.84020676469936,90.85067870591587,-38.79335224566366,54.66595551356263,-4.005125631976191,-5.354131937519228,5.7803825282276415,4.237232598847576,0.0,-7.304289389881259e-09
92,1.5484869983883536,0.4588515034353363,0.005537707204041664,2.3201582896903203,3.141592397796197,3.4774024600043463,2.0357716011795675,0.01083134980082776,1.057360481960844,4.3391914149781545,2.5323381375868173,7.857869202022122,-0.3678850352830311,-2.382142410916477,21.79106089445945,0.0003233159364790689,-27.05660186019635,8.109199634757294,-5.862206183812288,4.267436504968203,5.769362492235526,-9.506785297261324,5.687593402816612,8.168784709966792,-22.499471384238593,-1088.2962201340788,-98.67773738583675,972.6708910557694,-646.53472259912,708.3648572842003,449.2564646915615,-223.60846845806535,73.44234163418731,-14.404256358722119,-15.704255623441373,18.52790056075812,12.0890900027051,0.0,-7.306892830856776e-09
93,1.5839810472656977,0.45741933478028707,-0.005330794915513252,2.3884577985194317,3.141590544710861,3.3876665431104573,2.056028743942226,4.644505791233281e-07,1.0839415462810185,4.359267668082903,2.4941212744925085,7.887574674794747,-0.31826003431272243,-2.4152252217659327,15.177684518411837,-0.0004117971724417986,-19.941335742159083,4.501591993367493,-2.406865930946418,5.9069093662832035,4.4613942495261405,-8.49264513424325,6.601223082602862,11.02778953854192,-7.351743440961761,-1469.640733263738,-0.163358639671421,1581.171903802687,-801.6914262769612,767.8541934025482,364.32768393395753,-290.65991378671623,225.36471660801132,-14.880264083879455,-16.48170215447047,19.221044487341146,11.684546071030338,0.0,-7.306088491499672e-09
94,1.619616775492971,0.4562789718353201,-0.011812300129531902,2.419181315984989,3.1308188914980484,3.335276764811442,2.068341658934074,1.4158659884818e-07,1.1107458776909778,4.372810978109191,2.464524848727105,7.919058983751618,-0.2534142523055365,-1.4403359955479882,6.82745545275152,-2.393703212707105,-11.642185108428675,2.7362061878039894,-7.174762606876906e-05,5.9565243090230755,3.0096275919887154,-6.576990369038633,6.996520405083438,14.410188821941626,216.64227642008194,-1855.6083960757258,-531.8430919680279,1844.2576215757413,-392.3083663163552,534.8437101638114,11.025554340483561,-322.61514955891937,425.7015033173902,-14.918467637515972,-20.4087297102653,18.364179432947605,9.967560654534873,0.0,-7.301664184635705e-09
95,1.6554126741313673,0.4554811637749117,-0.01111138253367309,2.411665319309309,3.100409088306591,3.3161257192706346,2.0805009804921264,0.009925215402865702,1.1311622210957857,4.376736166651235,2.4497735757108665,7.954652381543037,-0.1772908637341672,0.1557596270870858,-1.670223213553763,-6.757741042425139,-4.255792306239697,2.702074256237831,2.205574243773051,4.536969900603476,0.8722650239734752,-3.278064065796343,7.909652146713321,16.91632609387394,354.6882835383217,-1888.3749929944847,-969.7871889176233,1641.422322945134,-7.584881538025565,490.14406135076536,-315.45686196441864,-474.9699515476423,733.0954934170346,-14.095513282783859,-23.875178519255165,19.103696436389978,8.19648646751865,0.0,-7.2918767683488765e-09
96,1.6913868366857223,0.4550843984437966,-0.008131745603652077,2.3787624490850905,3.0533187758529423,3.3165183955713804,2.095519858327288,0.044569178310224215,1.142670752093067,4.359591703377065,2.4636478010036624,7.994265691407762,-0.08817015460138639,0.662142148452456,-7.311755657546781,-10.464523494523993,0.08726148035096089,3.337531474698349,7.698665498223565,2.557453682794084,-3.809884228526848,3.0831640093213357,8.80296583683308,19.804620228132876,112.52955259662232,-1253.6750284550367,-823.7301907320932,965.1239505470327,141.21284497507608,1220.688067133605,-439.89289706767977,-1040.4785677709267,1413.6075378904625,-11.442219105384957,-24.551466365273622,25.688618272137983,6.76686393363348,0.0,-7.2739665962050025e-09
97,1.727705710703936,0.4551109335841549,-0.003447638303737158,2.2974491043044027,2.9952819295546544,3.3737866556648446,2.105799739427238,0.11309545791447738,1.1338263895804466,4.309440821475953,2.5262866365381313,8.070868065784069,0.0058967030979993895,1.0409136584088636,-18.06964823258089,-12.897088417244602,12.726291331046319,2.284420052450809,15.228075667973595,-1.9654156384234063,-11.144650327089057,13.91975360082792,17.022764990096835,20.903764733286994,84.17152146299792,-2390.6449190973285,-540.5704632496733,2808.6757963177115,-234.02496848519235,1673.203746976028,-1005.0829646321777,-1629.9494704927822,2408.13316052248,-20.18655096866913,-21.520487344090988,31.835707041187312,4.401344541730828,0.0,-7.266580683686972e-09
98,1.7398392685585309,0.4551167252054419,-0.0017797745524947266,2.2670891590292235,2.976121424195321,3.3970702355377322,2.107984494194009,0.13760544389890214,1.128977545901362,4.290769805292902,2.550867437041723,8.088988701900789,0.0038610570549924327,1.111902312725284,-20.23983874014796,-12.773591491605975,15.522290888510703,1.4564941987025954,16.339889922450183,-3.232542524412505,-12.447267385840863,16.387099310853667,12.080349603631197,-1.3570889956829055,47.32547778731022,-1446.7847524240228,82.33077619785233,1863.9882136701156,-551.9471664648489,741.2049335280294,-844.7460495487875,-868.4060188625162,1644.886999448712,-11.892228705499882,-5.562615089420441,13.977054764718908,-0.18113383166688635,0.0,-7.258916991102454e-09
99,1.752001871435879,0.4551167252054419,8.719261330296665e-21,2.2333018723673086,2.957190794451434,3.424807118176326,2.108800943013276,0.16387813614246613,1.1219971588851874,4.2700183920229815,2.5794632102481203,8.108322799483794,-6.120233342772951e-20,1.1865047907476014,-22.524637985486336,-12.620296683929094,18.491074661656114,0.5442939017769525,17.51495725631709,-4.653545936115566,-13.834140523601912,19.063662786370134,12.889272618750129,-2.5740129201627777,49.73450005285684,-1523.184634082196,102.1955412557187,1979.1698699103672,-608.1275973445892,783.3705786667193,-947.3263640560804,-924.5730701150229,1784.3582390751972,-12.855920145119129,-5.1006939775826226,14.580515303826031,-0.5693183825575001,0.0,0.0
